,gold,debt,stock_t,ceiling,ratio,real10,band_p10,band_p50,band_p90,pctile_20y,model_ratio
1966-01-01,35,320999000000.0,80289.75317593236,124.35191969893488,0.2814592656449338,,,,,,
1966-02-01,35,320999000000.0,80404.70757855859,124.17413408071782,0.281862243365826,,,,,,
1966-03-01,35,320999000000.0,80508.6788196379,124.01377200522973,0.2822267191302272,,,,,,
1966-04-01,35,316097000000.0,80623.94666782345,121.94535374165451,0.2870138051684094,,,,,,
1966-05-01,35,316097000000.0,80735.65333034602,121.7766289228824,0.2874114705717834,,,,,,
1966-06-01,35,316097000000.0,80851.24614801096,121.60252519123222,0.2878229703286093,,,,,,
1966-07-01,35,324748000000.0,80963.26774012175,124.75770995820076,0.2805437837206736,,,,,,
1966-08-01,35,324748000000.0,81079.18644343798,124.57934418269872,0.2809454507054686,,,,,,
1966-09-01,35,324748000000.0,81195.27111270584,124.40123341628498,0.2813476927747105,,,,,,
1966-10-01,35,329319000000.0,81307.76936072619,125.97770110825296,0.2778269462936493,,,,,,
1966-11-01,35,329319000000.0,81424.18130230051,125.79759111455668,0.2782247234617354,,,,,,
1966-12-01,35,329319000000.0,81536.9967115906,125.623536301384,0.2786102113542747,,,,,,
1967-01-01,35,330947000000.0,81653.73684813555,126.06406912680518,0.2776366036923197,,,,,,
1967-02-01,35,330947000000.0,81770.64412671454,125.883835652976,0.2780341083384566,,,,,,
1967-03-01,35,330947000000.0,81876.38165887834,125.72126561932804,0.2783936339455621,,,,,,
1967-04-01,35,322893000000.0,81993.60770791314,122.4863157669462,0.2857462058585731,,,,,,
1967-05-01,35,322893000000.0,82107.21207291617,122.31684246767124,0.2861421149687593,,,,,,
1967-06-01,35,322893000000.0,82224.76861209828,122.14196639411222,0.2865517973328383,,,,,,
1967-07-01,35,335896000000.0,82338.69325679708,126.88485837921492,0.2758406357313109,,,,,,
1967-08-01,35,335896000000.0,82456.58121786255,126.70345142511282,0.2762355690104188,,,,,,
1967-09-01,35,335896000000.0,82574.63796435337,126.52230382806415,0.2766310677330283,,,,,,
1967-10-01,35,344663000000.0,82689.04736251904,129.64495245493728,0.269968088515945,,,,,,
1967-11-01,35,344663000000.0,82807.43694110528,129.45959940146832,0.2703546138085997,,,,,,
1967-12-01,35,344663000000.0,82922.16888856066,129.28047779677314,0.2707291974509828,,,,,,
1968-01-01,36,349473000000.0,83040.89223758092,130.8972609063636,0.275024853466967,,,,,,
1968-02-01,36,349473000000.0,83159.78556808854,130.71011743073814,0.2754186187544052,,,,,,
1968-03-01,37,349473000000.0,83271.16246215109,130.5352899577987,0.2834482538167409,,,,,,
1968-04-01,38,345369000000.0,83390.38548075788,128.81792794849164,0.2949899956098847,,,,,,
1968-05-01,41,345369000000.0,83505.92511920929,128.63969416687695,0.3187196632076335,,,,,,
1968-06-01,41,345369000000.0,83625.48425793022,128.45577832858444,0.3191759882932143,,,,,,
1968-07-01,39,354743000000.0,83741.34963210713,131.7597663301271,0.2959932389549372,,,,,,
1968-08-01,39,354743000000.0,83861.24583855056,131.57138973272632,0.2964170256103889,,,,,,
1968-09-01,40,354743000000.0,83981.31370571337,131.38328245686003,0.3044527374564117,,,,,,
1968-10-01,39,358029000000.0,84097.67209123098,132.4168244785713,0.2945245073922708,,,,,,
1968-11-01,40,358029000000.0,84218.07846035161,132.22750848683384,0.3025089140508374,,,,,,
1968-12-01,41,358029000000.0,84334.76488985163,132.04455717527014,0.3105012495560752,,,,,,
1969-01-01,42,359546000000.0,84455.51071525346,132.4144577886113,0.3171859078035838,,,,,,
1969-02-01,43,359546000000.0,84576.42941781184,132.2251451805243,0.3252028949659535,,,,,,
1969-03-01,43,359546000000.0,84685.79510792438,132.05438579597265,0.3256234144804253,,,,,,
1969-04-01,43,352895000000.0,84807.04351886702,129.42629502446584,0.3322354239675298,,,,,,
1969-05-01,43,352895000000.0,84924.54597541298,129.24721950004184,0.3326957451489785,,,,,,
1969-06-01,41,352895000000.0,85046.13621656763,129.0624350843506,0.3176757045782056,,,,,,
1969-07-01,42,360685000000.0,85163.96994252417,131.7289168909387,0.3188366001276146,,,,,,
1969-08-01,41,360685000000.0,85285.9029775974,131.54058439890142,0.3116908761456165,,,,,,
1969-09-01,41,360685000000.0,85408.01058960795,131.35252116534127,0.3121371378048453,,,,,,
1969-10-01,40,368226000000.0,85526.34570231293,133.9132257193045,0.2987008922019696,,,,,,
1969-11-01,37,368226000000.0,85648.79756684254,133.72177032658044,0.2766939138603773,,,,,,
1969-12-01,35,368226000000.0,85767.46629642832,133.53675153929606,0.2621001304625903,,,,,,
1970-01-01,35,372007000000.0,85890.26338401268,134.71504949187147,0.2598076468220565,,,,,,
1970-02-01,35,372007000000.0,86013.23628563668,134.52244773377203,0.2601796249594498,,,,,,
1970-03-01,35,372007000000.0,86124.45990916801,134.34872154612415,0.2605160629532594,,,,,,
1970-04-01,36,370094000000.0,86247.76812034998,133.46675957485743,0.2697300819670286,,,,,,
1970-05-01,36,370094000000.0,86367.26673986609,133.28209362301575,0.2701038003036242,,,,,,
1970-06-01,35,370094000000.0,86490.92258836256,133.09154055821864,0.262976894348066,,,,,,
1970-07-01,35,378678000000.0,86610.75810498209,135.99006213409376,0.2573717479847024,,,,,,
1970-08-01,35,378678000000.0,86734.76257087136,135.7956374937149,0.2577402385376328,,,,,,
1970-09-01,36,378678000000.0,86858.94457945738,135.6014908217419,0.2654838068655502,,,,,,
1970-10-01,38,389158000000.0,86979.29000051673,139.16148099911487,0.273064067205793,,,,,,
1970-11-01,37,389158000000.0,87103.82210987511,138.96252218938093,0.266258840276198,,,,,,
1970-12-01,37,389158000000.0,87224.5068153875,138.77025224507295,0.2666277491133816,,,,,,
1971-01-01,38,391668000000.0,87349.3900125417,139.46561661925853,0.2724685906185758,,,,,,
1971-02-01,39,391668000000.0,87474.45201051116,139.26622298761453,0.2800391879908196,,,,,,
1971-03-01,39,391668000000.0,87587.56513052816,139.08637055112266,0.2804013063642719,,,,,,
1971-04-01,39,397305000000.0,87712.96813438351,140.88642877793092,0.2768187137561196,,,,,,
1971-05-01,41,397305000000.0,87834.49682821699,140.69149689710363,0.2914177537679184,,,,,,
1971-06-01,40,397305000000.0,87960.25337514197,140.4903506275945,0.284717062925056,,,,,,
1971-07-01,41,412268000000.0,88082.12468937642,145.57968720771103,0.2816326974346481,,,,,,
1971-08-01,43,412268000000.0,88208.23577609916,145.3715523051479,0.2957937733906779,,,,,,
1971-09-01,42,412268000000.0,88334.52742166116,145.16371497251714,0.2893285006377218,,,,,,
1971-10-01,43,424131000000.0,88456.9173027276,149.1341673217183,0.288330975873816,,,,,,
1971-11-01,43,424131000000.0,88583.56499666697,148.92095058812245,0.2887437921271876,,,,,,
1971-12-01,43,424131000000.0,88706.299926041,148.714902062054,0.2891438544743651,,,,,,
1972-01-01,46,427344000000.0,88833.30467214897,149.62726227178774,0.3074306065725117,,,,,,
1972-02-01,48,427344000000.0,88960.49125658802,149.41334056161614,0.3212564542066805,,,,,,
1972-03-01,48,427344000000.0,89079.63710506217,149.21349714270357,0.3216867168128508,,,,,,
1972-04-01,49,426435000000.0,89207.17637457687,148.68322992953335,0.3295596956242003,,,,,,
1972-05-01,55,426435000000.0,89330.77533441101,148.47751031616073,0.3704264698598845,,,,,,
1972-06-01,62,426435000000.0,89458.6741696734,148.2652324033887,0.4181695128046955,,,,,,
1972-07-01,66,433946000000.0,89582.62158651669,150.667943081429,0.4380493862873675,,,,,,
1972-08-01,67,433946000000.0,89710.88100123433,150.45253351259342,0.4453231755940611,,,,,,
1972-09-01,65,433946000000.0,89839.32405064779,150.2374319142617,0.4326485029183309,,,,,,
1972-10-01,65,448473000000.0,89963.79886821446,155.05202884716783,0.4192141211133032,,,,,,
1972-11-01,63,448473000000.0,90092.60403136176,154.83035136224325,0.4068969646177726,,,,,,
1972-12-01,64,448473000000.0,90217.42977520404,154.61612652978778,0.4139283620435931,,,,,,
1973-01-01,65,458606000000.0,90346.5980729762,157.8835437267966,0.4116958516745526,,,,,,
1973-02-01,74,458606000000.0,90475.95130673236,157.6578180323664,0.4693709511114009,,,,,,
1973-03-01,84,458606000000.0,90592.94566226807,157.45421415702023,0.5334884204257088,,,,,,
1973-04-01,91,457317000000.0,90722.65160279998,156.78717976786933,0.5804045977147475,,,,,,
1973-05-01,102,457317000000.0,90848.35029462291,156.57024744793708,0.6514647684510888,,,,,,
1973-06-01,120,457317000000.0,90978.42190930096,156.3463993698027,0.7675264699647265,,,,,,
1973-07-01,120,460614000000.0,91104.47497781336,157.2556875198994,0.7630884573558906,,,,,,
1973-08-01,107,460614000000.0,91234.91329756637,157.03085946986556,0.6813947294259919,,,,,,
1973-09-01,103,460614000000.0,91365.53837165018,156.8063528559138,0.6568611419375631,,,,,,
1973-10-01,100,469073000000.0,91492.12780050964,159.46509835886351,0.6270964683128214,,,,,,
1973-11-01,95,469073000000.0,91623.12114001167,159.23711151986325,0.5965945946473018,,,,,,
1973-12-01,107,469073000000.0,91750.06745677562,159.0167894497013,0.672884922216627,,,,,,
1974-01-01,129,473675000000.0,91881.4300999301,160.34730132999005,0.8045037174309643,,,,,,
1974-02-01,150,473675000000.0,92012.98082081023,160.11805320768192,0.9368087919820118,,,,,,
1974-03-01,168,473675000000.0,92131.96270756106,159.91127211332935,1.0505825998366027,,,,,,
1974-04-01,172,474235000000.0,92263.87212709336,159.87143142590324,1.075864514791175,,,,,,
1974-05-01,163,474235000000.0,92391.70622171034,159.65023170433508,1.020981919411608,,,,,,
1974-06-01,154,474235000000.0,92523.98752755843,159.42198018066927,0.9659897576574782,,,,,,
1974-07-01,143,481466000000.0,92652.18201911027,161.62885989331022,0.8847429852217793,,,,,,
1974-08-01,155,481466000000.0,92784.83625971664,161.3977795300362,0.9603601762758728,,,,,,
1974-09-01,152,481466000000.0,92917.68042728605,161.16702954176031,0.9431209375278272,,,,,,
1974-10-01,159,492664000000.0,93046.42039101708,164.6872949528552,0.965466097706667,,,,,,
1974-11-01,182,492664000000.0,93179.63908019551,164.4518419528808,1.1067069717111904,,,,,,
1974-12-01,184,492664000000.0,93308.74199473768,164.22430472920738,1.1204188095264045,,,,,,
1975-01-01,176,509659000000.0,93442.33626139715,169.6465167844035,1.0374513036637871,,,,,,
1975-02-01,180,509659000000.0,93576.12180089674,169.4039735977932,1.0625488657507196,,,,,,
1975-03-01,178,509659000000.0,93697.12498357135,169.18520039673015,1.0521014815870395,,,,,,
1975-04-01,170,533188000000.0,93831.27531539116,176.7427812966729,0.9618497499744856,,,,,,
1975-05-01,167,533188000000.0,93961.28108959252,176.49823820561963,0.946185082059832,,,,,,
1975-06-01,164,533188000000.0,94095.80962543172,176.2458991306011,0.9305181045856468,,,,,,
1975-07-01,165,553647000000.0,94226.18191908688,182.75543222024703,0.9028459400383289,,,,,,
1975-08-01,163,553647000000.0,94361.08972519916,182.4941472511169,0.8931793290647703,,,,,,
1975-09-01,144,553647000000.0,94496.1906848042,182.2332358404319,0.7901961425197438,,,,,,
1975-10-01,143,576649000000.0,94627.117717265,189.54174245623673,0.7544512261356743,,,,,,
1975-11-01,142,576649000000.0,94762.59956095176,189.27075511690083,0.7502479710206439,,,,,,
1975-12-01,139,576649000000.0,94893.89571012852,189.00887819518044,0.7354151896317872,,0.27009022605544425,0.30593804887409204,0.9475931249113198,0.7833333333333333,
1976-01-01,131,600490000000.0,95029.75951170642,196.54187131880784,0.6665246398692658,,0.2701038003036242,0.30743060657251176,0.946185082059832,0.7603305785123967,
1976-02-01,131,600490000000.0,95165.81783551825,196.2608759133284,0.6674789327744134,,0.2701288711797414,0.3089621133610835,0.9458782201542456,0.7622950819672131,
1976-03-01,133,600490000000.0,95293.27455199527,195.99837295145176,0.6785770616215459,,0.27015394438292256,0.3105012495560752,0.9455714577685426,0.7723577235772358,
1976-04-01,128,620432000000.0,95429.71016198429,202.21786555142313,0.6329806698876967,,0.27017901991338367,0.3110954942110892,0.9452647948704473,0.7258064516129032,
1976-05-01,127,620432000000.0,95561.93061097336,201.93807487739764,0.6289056686170021,,0.27020409777134086,0.3116908761456165,0.9449582314276944,0.72,
1976-06-01,126,620432000000.0,95698.75086776409,201.6493645336365,0.6248469976159154,,0.2702291779570101,0.31191392716577643,0.9446517674080289,0.7063492063492064,
1976-07-01,118,634701000000.0,95831.34407994036,206.00157494092656,0.5728111546420843,,0.27025426047060747,0.31213713780484525,0.9443454027792068,0.6850393700787402,
1976-08-01,110,634701000000.0,95968.5500679503,205.7070550216263,0.5347410179414388,,0.270279345312349,0.314651396650074,0.9440391375089936,0.6796875,
1976-09-01,114,634701000000.0,96105.95249986206,205.41295617669348,0.5549795987646403,,0.2703044324824508,0.31718590780358386,0.9437329715651663,0.6821705426356589,
1976-10-01,116,653543000000.0,96239.1099009323,211.2182826648356,0.5491948828315709,,0.270329521981129,0.3174307117211271,0.9434269049155117,0.676923076923077,
1976-11-01,130,653543000000.0,96376.89970536352,210.91630443198457,0.6163582296309477,,0.2703546138085997,0.3176757045782056,0.9431209375278272,0.7099236641221374,
1976-12-01,134,653543000000.0,96510.43251112796,210.62447851037737,0.6362033556009393,,0.270392048838501,0.31819725575877195,0.942487813801185,0.7424242424242424,
1977-01-01,132,669207000000.0,96648.61078018064,215.36434109672143,0.6129148369121981,,0.270429489051896,0.3187196632076335,0.9418551150949586,0.6992481203007519,
1977-02-01,136,669207000000.0,96786.98688519302,215.05643525484547,0.6323921432010985,,0.2704669344495026,0.3187781263056489,0.9412228411238291,0.7313432835820896,
1977-03-01,148,669207000000.0,96912.14203406224,214.7787051417277,0.6890813495795036,,0.27050438503203855,0.31883660012761456,0.9405909916026688,0.8,
1977-04-01,149,674425000000.0,97050.89544846548,216.1439337930684,0.6893554558077463,,0.27054184080022187,0.3190062490763775,0.9399595662465414,0.8014705882352942,
1977-05-01,147,674425000000.0,97185.36209359315,215.84487487086295,0.681044662690963,,0.27057930175477046,0.31917598829321436,0.939328564770702,0.781021897810219,
1977-06-01,141,674425000000.0,97324.50668928029,215.536282011092,0.6541822039629681,,0.2706167678964026,0.3202145316299543,0.9386979868905967,0.7391304347826086,
1977-07-01,143,698840000000.0,97459.35243019529,223.0299418546893,0.641169516571765,,0.2706542392258365,0.3212564542066805,0.9380678323218627,0.7266187050359713,
1977-08-01,145,698840000000.0,97598.88931000613,222.71107652322075,0.6510677522807525,,0.27069171574379036,0.321471513525981,0.9374381007803282,0.7285714285714285,
1977-09-01,150,698840000000.0,97738.62597096,222.3926670726925,0.6744826705593228,,0.2707291974509828,0.3216867168128509,0.9368087919820118,0.7730496453900709,
1977-10-01,159,718943000000.0,97874.0454853599,228.4735119337361,0.6959231232288958,,0.27090263591462355,0.3234400277943841,0.9361778142252002,0.8098591549295775,
1977-11-01,162,718943000000.0,98014.17609962058,228.14686394419388,0.7100689319123238,,0.2710761854889275,0.32520289496595345,0.9355472614568524,0.8111888111888111,
1977-12-01,160,718943000000.0,98149.97739618944,227.8311976470263,0.7022743226232097,,0.27124984624507587,0.32541308679543435,0.9349171333907222,0.8055555555555556,
1978-01-01,173,737951000000.0,98290.50307441184,233.5204426440184,0.7408344984328564,,0.27142361825429573,0.3256234144804253,0.9342874297407556,0.8206896551724138,
1978-02-01,178,737951000000.0,98431.22994948382,233.1865790706831,0.7633372414029237,,0.2715975015878596,0.3275856427932729,0.933658150221092,0.8424657534246576,
1978-03-01,184,737951000000.0,98558.51126729487,232.88543516440524,0.7900880528235069,,0.27177149631708564,0.32955969562420023,0.9330292945460624,0.8503401360544217,
1978-04-01,175,749024000000.0,98699.62186158996,236.04194367209237,0.7413936577437636,,0.2719456025133378,0.33089485520073636,0.9324008624301909,0.8108108108108109,
1978-05-01,176,749024000000.0,98836.3728618334,235.71535366315217,0.7466632837651802,,0.2721198202480256,0.3322354239675298,0.9317728535881936,0.8120805369127517,
1978-06-01,184,749024000000.0,98977.88128290404,235.3783520312053,0.7817201472105055,,0.2722941495926046,0.33246550489000226,0.9311452677349786,0.8466666666666667,
1978-07-01,189,771544000000.0,99115.01781911482,242.1197252323419,0.7806055447098853,,0.2724685906185758,0.3326957451489785,0.9305181045856468,0.8410596026490066,
1978-08-01,206,771544000000.0,99256.92518853616,241.77356728691416,0.8520368968024472,,0.2725280797949415,0.3510545689959609,0.9277131435416612,0.868421052631579,
1978-09-01,212,771544000000.0,99399.0357330357,241.4279042426064,0.8781089355229011,,0.2725875819598212,0.3704264698598845,0.9249166377941601,0.869281045751634,
1978-10-01,227,789207000000.0,99536.75579014784,246.6132374526793,0.9204696485262972,,0.2726470971160507,0.38823370049502887,0.9274921038771016,0.8896103896103896,
1978-11-01,206,789207000000.0,99679.26698053768,246.26065514444323,0.8365120277909254,,0.2727066252664665,0.4068969646177726,0.9264856253145992,0.8516129032258064,
1978-12-01,208,789207000000.0,99817.3753056358,245.9199264234623,0.845803766392781,,0.2727661664139057,0.40928937488298445,0.92548023894371,0.8525641025641025,
1979-01-01,227,796792000000.0,99960.288271439,247.92847130397843,0.9155866561274498,,0.27282572056120585,0.4116958516745526,0.9244759435792295,0.8853503184713376,
1979-02-01,246,796792000000.0,100103.40585207733,247.5740086093043,0.9936422703734292,,0.2728852877112055,0.4128105976640978,0.9324008624301909,0.9430379746835443,
1979-03-01,242,796792000000.0,100232.84945875342,247.25428435955288,0.9787494709215548,,0.27294486786674343,0.4139283620435931,0.9380678323218627,0.9371069182389937,
1979-04-01,239,804913000000.0,100376.35727733903,249.4172280820678,0.9582337268272416,,0.2730044610306592,0.41604353316908427,0.9434269049155117,0.90625,
1979-05-01,258,804913000000.0,100515.43143993024,249.07213189500064,1.0358445083240506,,0.273064067205793,0.4181695128046955,0.946185082059832,0.9503105590062112,
1979-06-01,279,804913000000.0,100659.34384367843,248.7160341117351,1.1217612125266516,,0.2732595151081861,0.41869149118031834,0.9570219901817413,0.9938271604938271,
1979-07-01,295,826519000000.0,100798.81009182447,255.0388689385861,1.1566864346118029,,0.27345510290405883,0.4192141211133032,0.9599345092106628,0.9938650306748467,
1979-08-01,301,826519000000.0,100943.128221364,254.67424052678993,1.1819020226678043,,0.2736508306935413,0.4258783416680103,0.9614026354343169,0.9939024390243902,
1979-09-01,355,826519000000.0,101087.652977574,254.31013342329172,1.3959333638078548,,0.273846698576835,0.4326485029183309,0.9640179298675515,0.9939393939393939,
1979-10-01,392,845116000000.0,101227.7126596296,259.67242747096583,1.5095942369307955,,0.2740427066542134,0.4353405691886792,0.9657278921881538,0.9939759036144579,
1979-11-01,392,845116000000.0,101372.64486800878,259.3011744725109,1.5117555899908073,,0.2742388550260214,0.4380493862873675,0.9710735591382779,0.9940119760479041,
1979-12-01,455,845116000000.0,101513.09941405014,258.9424027577396,1.7571475168000477,,0.27443514379267603,0.4416713073865225,0.9831937196746726,0.9940476190476191,
1980-01-01,675,863451000000.0,101658.4402233102,264.18198096721176,2.5550569252631044,,0.274631573054666,0.4453231755940611,0.9990509958044338,0.9940828402366864,
1980-02-01,665,863451000000.0,101803.98912345665,263.80428067177775,2.5208082230757483,,0.2748281429125521,0.4571889789578636,1.0224585310646503,0.9882352941176471,
1980-03-01,554,863451000000.0,101940.33642202518,263.4514370155482,2.1028543487022406,,0.275024853466967,0.4693709511114009,1.0358445083240506,0.9824561403508771,
1980-04-01,517,877614000000.0,102086.28892546898,267.38993991297264,1.933505801184098,,0.2750642046489859,0.5004038042442661,1.0372905120332783,0.9767441860465116,
1980-05-01,514,877614000000.0,102227.73224468731,267.0199765009275,1.924949611394392,,0.2751035614614615,0.5334884204257088,1.047943110952376,0.9710982658959537,
1980-06-01,601,877614000000.0,102374.09622548411,266.6382187306136,2.2539904551612477,,0.2751429239051993,0.5341143519869259,1.0516455866339978,0.9827586206896551,
1980-07-01,643,907701000000.0,102515.93830951444,275.39773261449744,2.3348049887544766,,0.2751822919810052,0.5347410179414388,1.05835752031059,0.9828571428571429,
1980-08-01,627,907701000000.0,102662.71492772392,275.00399718791954,2.279966860160035,,0.27522166568968504,0.5419197640735974,1.069185961324227,0.9772727272727273,
1980-09-01,674,907701000000.0,102809.7016925312,274.61082468386337,2.454382491207039,,0.2752610450320447,0.5491948828315709,1.0880969886508245,0.9830508474576272,
1980-10-01,661,930210000000.0,102952.14731973836,281.03119632890775,2.3520520448782913,,0.2753004300088903,0.5520796642853809,1.1108028091814888,0.9775280898876404,
1980-11-01,625,930210000000.0,103099.54847774534,280.6294067538165,2.2271365186909446,,0.27533982062102796,0.5549795987646403,1.1206871615494298,0.9553072625698324,
1980-12-01,538,930210000000.0,103242.39569552647,280.24112508219997,1.9197753357655645,,0.27537921686926414,0.5638248883928185,1.1252057466097165,0.9333333333333333,
1981-01-01,557,964531000000.0,103390.2124150134,290.16545039761235,1.919594490787051,,0.2754186187544052,0.5728111546420843,1.1566864346118029,0.9281767955801105,
1981-02-01,500,964531000000.0,103538.24077025724,289.7506016030857,1.7256219563779336,,0.2754607913812365,0.5765953761317888,1.1793559230346509,0.9175824175824175,
1981-03-01,499,964531000000.0,103672.12595827976,289.37640927880676,1.724397649565229,,0.27550297046562133,0.5804045977147475,1.3502309076284846,0.912568306010929,
1981-04-01,496,971174000000.0,103820.55794165393,290.9528569983598,1.704743528271304,,0.27554515600854834,0.5884439189124653,1.4745570049836747,0.907608695652174,
1981-05-01,480,971174000000.0,103964.40413758224,290.55029169708314,1.6520375773720786,,0.27558734801100654,0.5965945946473018,1.5108906776740891,0.9027027027027027,
1981-06-01,461,971174000000.0,104113.25458859609,290.13489269594527,1.5889160924988,,0.2756295464739851,0.6046996598981595,1.54985573033796,0.8978494623655914,
1981-07-01,409,997855000000.0,104257.50632365902,297.69328757612783,1.3738972864660517,,0.2756717513984731,0.6129148369121981,1.5421596483613942,0.8770053475935828,
1981-08-01,410,997855000000.0,104406.77642207962,297.26767625224204,1.379228327711287,,0.27571396278546006,0.614634121891832,1.5345017826372387,0.8776595744680851,
1981-09-01,444,997855000000.0,104556.26023712428,296.8426734237662,1.4957418179769428,,0.27575618063593554,0.6163582296309477,1.526881943395952,0.8835978835978836,
1981-10-01,438,1028729000000.0,104701.12576851598,305.60367253841684,1.4332288495156742,,0.2757984049508892,0.6205880994997879,1.5192999418103241,0.8789473684210526,
1981-11-01,413,1028729000000.0,104851.0310165822,305.16675175759434,1.3533584429540402,,0.2758406357313109,0.6248469976159154,1.5117555899908073,0.8586387434554974,
1981-12-01,410,1028729000000.0,104996.3049608753,304.7445199684712,1.3453892461869978,,0.27588010363731297,0.6259707225108939,1.511539315505126,0.8541666666666666,
1982-01-01,384,1061299000000.0,105146.63283009036,313.9433751102107,1.2231505119838753,,0.27591957719047283,0.6270964683128214,1.5113230719600634,0.8497409326424871,
1982-02-01,374,1061299000000.0,105297.17593038682,313.4945310781745,1.1930032677563285,,0.27595905639159857,0.6280004169518008,1.5111068593511932,0.845360824742268,
1982-03-01,330,1061299000000.0,105433.3355955772,313.08967515523983,1.054011122648409,,0.2759985412414982,0.6289056686170021,1.5108906776740891,0.8051282051282052,
1982-04-01,350,1079630000000.0,105584.289180946,318.04207695397434,1.1004833176543822,,0.27603803174098007,0.6306464965795227,1.5106745269243262,0.8163265306122449,
1982-05-01,334,1079630000000.0,105730.57907429263,317.60203073532415,1.0516305554681455,,0.27607752789085244,0.6323921432010985,1.5104584070974805,0.7918781725888325,
1982-06-01,315,1079630000000.0,105881.9582363406,317.1479559327961,0.9932272748645706,,0.2761170296919239,0.6326863381132452,1.5102423181891274,0.7626262626262627,
1982-07-01,339,1142035000000.0,106028.66055822853,335.01563544811205,1.0118930704429914,,0.276156537145003,0.6329806698876967,1.5100262601948438,0.7688442211055276,
1982-08-01,364,1142035000000.0,106180.46649676494,334.53666445993014,1.0880720670412465,,0.2761960502508983,0.6345899669968658,1.509810233110207,0.815,
1982-09-01,437,1142035000000.0,106332.48978260026,334.05837825533206,1.3081545874774805,,0.27623556901041874,0.6362033556009393,1.5095942369307955,0.8557213930348259,
1982-10-01,422,1197074000000.0,106479.81632815213,349.6734370371732,1.2068403124230964,,0.2762750934243733,0.6386816092169784,1.5082032414709048,0.8465346534653465,
1982-11-01,415,1197074000000.0,106632.2682064252,349.17350982794113,1.1885208594560783,,0.276314623493571,0.641169516571765,1.506813527725214,0.8374384236453202,
1982-12-01,445,1197074000000.0,106780.01010310548,348.69038984544005,1.2762037984392114,,0.2763541592188209,0.6460996796047153,1.5054250945127043,0.8529411764705882,
1983-01-01,481,1244493000000.0,106932.8917821278,361.9845911804038,1.3287858426003607,,0.27639370060093243,0.6510677522807525,1.5040379406534456,0.8585365853658536,
1983-02-01,491,1244493000000.0,107085.99234863442,361.4670627459102,1.3583533621848798,,0.27643324764071486,0.6512662301129634,1.5026520649685955,0.8689320388349514,
1983-03-01,420,1244493000000.0,107224.46513041548,361.00025370527027,1.1634340854034375,,0.2764728003389777,0.6514647684510888,1.5012674662803966,0.8164251207729468,
1983-04-01,433,1319581000000.0,107377.98315542392,382.2343815096899,1.1328128000673408,,0.27651235869653074,0.6528220722597835,1.499884143412178,0.8076923076923077,
1983-05-01,438,1319581000000.0,107526.7582603703,381.7055181723845,1.1474814461607863,,0.27655192271418355,0.6541822039629681,1.4985020951883516,0.8086124401913876,
1983-06-01,413,1319581000000.0,107680.70909186771,381.1597947795374,1.0835350570982414,,0.2765914923927461,0.6555203044378923,1.4971213204344136,0.7761904761904762,
1983-07-01,403,1377211000000.0,107829.90363180106,397.25576025436726,1.01445980227437,,0.2766310677330283,0.6568611419375631,1.4957418179769428,0.7298578199052133,
1983-08-01,416,1377211000000.0,107984.28848997936,396.6878047206039,1.0486836122753966,,0.27663735170336234,0.6616752497064167,1.489369741742306,0.7452830188679245,
1983-09-01,412,1377211000000.0,108138.89438781026,396.1206611913992,1.040087125879375,,0.27664363581644347,0.6665246398692658,1.4830248114730034,0.7417840375586855,
1983-10-01,394,1410702000000.0,108288.72375588516,405.19211386046106,0.9723782534812232,,0.2766499200722749,0.667001615656055,1.4767069115233011,0.7009345794392523,
1983-11-01,382,1410702000000.0,108443.7655271961,404.61281174245784,0.944112467311462,,0.27665620447086,0.6674789327744134,1.4704159267401307,0.6697674418604651,
1983-12-01,388,1410702000000.0,108594.01730249474,404.0529853838516,0.9602700983174244,,0.27666248901220186,0.6701764765799739,1.464151742460998,0.6805555555555556,
1984-01-01,371,1463741000000.0,108749.4961761243,418.64501253918945,0.8861923321378888,,0.2766687736963039,0.672884922216627,1.4579142445118822,0.631336405529954,
1984-02-01,386,1463741000000.0,108905.19765575691,418.046476846713,0.9233423109113688,,0.27667505852316915,0.673683322723498,1.4517033192051618,0.6513761467889908,
1984-03-01,394,1463741000000.0,109051.05568772885,417.4873310777783,0.9437412124168084,,0.27668134349280094,0.6744826705593228,1.4455188533375416,0.6666666666666666,
1984-04-01,381,1512697000000.0,109207.18892349648,430.8336883570858,0.8843319598634023,,0.2766876286052026,0.6765267686520603,1.4393607341879862,0.6181818181818182,
1984-05-01,377,1512697000000.0,109358.49844259478,430.2375825296921,0.8762600370319392,,0.2766939138603773,0.6785770616215459,1.4332288495156742,0.6108597285067874,
1984-06-01,378,1512697000000.0,109515.0718577979,429.62247296986015,0.8798422423924698,,0.2767063913176389,0.6798097425323283,1.4294548946868155,0.6171171171171171,
1984-07-01,348,1572267000000.0,109666.8079570434,445.92316509606496,0.7804035027537324,,0.276718869337569,0.681044662690963,1.4256908773742543,0.5695067264573991,
1984-08-01,348,1572267000000.0,109823.82279266014,445.285629899376,0.7815208410804537,,0.27673134792019294,0.6812196735718402,1.421936771410685,0.5758928571428571,
1984-09-01,340,1572267000000.0,109981.06243338488,444.6490061851099,0.7646480600891212,,0.27674382706553613,0.6813947294259919,1.4181925506977038,0.56,
1984-10-01,341,1662966000000.0,110133.44417519835,469.6486588346036,0.7260746806903801,,0.27675630677362384,0.6852272613879451,1.4144581892056325,0.5221238938053098,
1984-11-01,342,1662966000000.0,110291.12711459646,468.977203360833,0.7292465338381571,,0.27676878704448155,0.6890813495795036,1.41073366097333,0.5242290748898678,
1984-12-01,320,1662966000000.0,110443.93845942662,468.3283217821796,0.6832813330235292,,0.2767812678781346,0.6861752131214999,1.4070189401080175,0.4956140350877193,
1985-01-01,303,1710731000000.0,110602.0659472702,481.09121165049265,0.6298181980096658,,0.27679374927460837,0.6832813330235292,1.403314000785096,0.4279475982532751,
1985-02-01,299,1710731000000.0,110760.41983325534,480.4033967885335,0.6223936008754231,,0.2768062312339283,0.6823373791881834,1.3996188172479662,0.41304347826086957,
1985-03-01,314,1710731000000.0,110903.64401327336,479.78298991917336,0.654462552023568,,0.2768187137561196,0.6813947294259919,1.3959333638078548,0.46320346320346323,
1985-04-01,327,1774640000000.0,111062.42968195867,496.99501597935887,0.6579542842207917,,0.27690039420841894,0.6812196735718402,1.3942537955614858,0.4698275862068966,
1985-05-01,316,1774640000000.0,111216.30968739346,496.3073686731776,0.6367022130757212,,0.2769820987620379,0.681044662690963,1.3925762481490387,0.44206008583690987,
1985-06-01,317,1774640000000.0,111375.54301339953,495.5977993108478,0.6396315731038424,,0.27706382742408786,0.6798097425323283,1.390900719139073,0.4444444444444444,
1985-07-01,317,1823103000000.0,111529.85684583848,508.4274598106852,0.623491107498474,,0.27714558020168273,0.6785770616215459,1.389227206103074,0.4085106382978723,
1985-08-01,330,1823103000000.0,111689.5390912255,507.7005623853795,0.649989431663279,,0.277227357101938,0.6765267686520603,1.3875557066154494,0.4533898305084746,
1985-09-01,323,1823103000000.0,111849.44996076945,506.9747042034441,0.6371126553690599,,0.27730915813197166,0.6744826705593228,1.3858862182535248,0.4430379746835443,
1985-10-01,326,1945942000000.0,112004.42040412394,540.3854738384729,0.6032730629940007,,0.27739098329890355,0.673683322723498,1.3842187385975406,0.3907563025210084,
1985-11-01,322,1945942000000.0,112164.782103217,539.6128861231043,0.5967240743886548,,0.2774728326098557,0.672884922216627,1.382553265230649,0.3891213389121339,
1985-12-01,322,1945942000000.0,112320.18944779842,538.8662723028589,0.5975508517612815,,0.2775547060719523,0.6701764765799739,1.3808897957389092,0.39166666666666666,
1986-01-01,347,1986816000000.0,112481.00324744414,549.3984185544939,0.6315999250834786,,0.2775547060719523,0.6701764765799739,1.3808897957389092,0.42916666666666664,
1986-02-01,339,1986816000000.0,112642.0472913432,548.6129450553581,0.6179219849903341,,0.2775547060719523,0.6701764765799739,1.3808897957389092,0.4,
1986-03-01,346,1986816000000.0,112787.7046018079,547.9044503985601,0.6314969694958865,,0.2775547060719523,0.6701764765799739,1.3808897957389092,0.425,
1986-04-01,340,2059349000000.0,112949.18776364643,567.0949481826875,0.5995468679267273,,0.2775547060719523,0.6701764765799739,1.3808897957389092,0.37916666666666665,
1986-05-01,342,2059349000000.0,113105.68192352298,566.3103099047795,0.6039091890407302,,0.2775547060719523,0.6701764765799739,1.3808897957389092,0.38333333333333336,
1986-06-01,343,2059349000000.0,113267.62034760384,565.5006575182874,0.6065421771660945,,0.2775547060719523,0.6701764765799739,1.3808897957389092,0.38333333333333336,
1986-07-01,348,2125304000000.0,113424.55570445304,582.8045186678103,0.5971127348076632,,0.2775547060719523,0.6701764765799739,1.3808897957389092,0.3625,
1986-08-01,377,2125304000000.0,113586.95067427664,581.9712845536775,0.6477982849087253,,0.2775547060719523,0.6701764765799739,1.3808897957389092,0.4583333333333333,
1986-09-01,418,2125304000000.0,113749.57815218516,581.1392417122041,0.7192768445105363,,0.2775547060719523,0.673683322723498,1.3808897957389092,0.5416666666666666,
1986-10-01,424,2214835000000.0,113907.18127463068,604.7824922031533,0.7010784959323418,,0.2775547060719523,0.6765267686520603,1.3808897957389092,0.5291666666666667,
1986-11-01,398,2214835000000.0,114070.2672409005,603.9178362370573,0.659030047000917,,0.2775547060719523,0.6765267686520603,1.3808897957389092,0.4791666666666667,
1986-12-01,391,2214835000000.0,114228.31468676716,603.0822494406284,0.6483361106427205,,0.2775547060719523,0.6765267686520603,1.3808897957389092,0.44583333333333336,
1987-01-01,408,2246724000000.0,114391.86043399402,610.8907353783035,0.6678772100666083,,0.2779123291330225,0.6765267686520603,1.3808897957389092,0.4875,
1987-02-01,401,2246724000000.0,114555.64033692484,610.017346472726,0.6573583559855848,,0.278235739552587,0.6765267686520603,1.3808897957389092,0.4666666666666667,
1987-03-01,409,2246724000000.0,114703.77211250314,609.2295523923541,0.6713397247292382,,0.2797154617190642,0.6765267686520603,1.3808897957389092,0.4875,
1987-04-01,438,2309296000000.0,114867.99859322573,625.3015232258201,0.7004620710668277,,0.2797154617190642,0.6798097425323283,1.3808897957389092,0.525,
1987-05-01,460,2309296000000.0,115027.15131749464,624.4363497448546,0.7366643536814544,,0.2797154617190642,0.6812196735718402,1.3808897957389092,0.5541666666666667,
1987-06-01,450,2309296000000.0,115191.84079457556,623.5435947094247,0.7216816976681524,,0.2797154617190642,0.6823373791881834,1.3808897957389092,0.5375,
1987-07-01,451,2350277000000.0,115351.44221098858,633.7310108185073,0.7116584044348758,,0.28036507346544104,0.6861752131214999,1.3808897957389092,0.5291666666666667,
1987-08-01,461,2350277000000.0,115516.59598973273,632.8249672301616,0.7284794751663646,,0.2815093153724016,0.6892183890669167,1.3808897957389092,0.5416666666666666,
1987-09-01,460,2350277000000.0,115681.9862264709,631.9202190099925,0.727939993312235,,0.28326617273673266,0.6926315050736617,1.3808897957389092,0.5375,
1987-10-01,465,2431715000000.0,115842.26675265974,652.9118700206426,0.7121941281069043,,0.2845899268501235,0.6981889086774492,1.3808897957389092,0.5208333333333334,
1987-11-01,468,2431715000000.0,116008.12326668142,651.9784036074668,0.7178151874517706,,0.28796752991001895,0.7007702157206631,1.3808897957389092,0.5208333333333334,
1987-12-01,486,2431715000000.0,116168.8556645758,651.0763197263124,0.7464562682978485,,0.288702483918672,0.7016761545304101,1.3808897957389092,0.5625,
1988-01-01,477,2487551000000.0,116335.17977043564,665.0738400413064,0.7172135953661544,,0.2891038233089351,0.7061608727298002,1.3808897957389092,0.5125,
1988-02-01,442,2487551000000.0,116501.7420098988,664.1229856910237,0.6655393797883633,,0.28931003071648304,0.7061608727298002,1.3808897957389092,0.42916666666666664,
1988-03-01,444,2487551000000.0,116657.77418445647,663.234707525633,0.6694462683601945,,0.29120815134937206,0.7061608727298002,1.3808897957389092,0.44166666666666665,
1988-04-01,452,2547656000000.0,116824.7982966579,678.2888596292664,0.6663827565250747,,0.29120815134937206,0.7061608727298002,1.3808897957389092,0.425,
1988-05-01,451,2547656000000.0,116986.6622199332,677.350372336355,0.6658297070752105,,0.29120815134937206,0.7061608727298002,1.3808897957389092,0.42083333333333334,
1988-06-01,451,2547656000000.0,117154.15721573,676.3819662595777,0.6667830050142378,,0.29120815134937206,0.7061608727298002,1.3808897957389092,0.42916666666666664,
1988-07-01,438,2602183000000.0,117316.47747471128,689.9025629909881,0.6348722609481324,,0.29120815134937206,0.7061608727298002,1.3808897957389092,0.3416666666666667,
1988-08-01,431,2602183000000.0,117484.4446816445,688.9162110796719,0.6256203484086044,,0.29120815134937206,0.7061608727298002,1.3808897957389092,0.30833333333333335,
1988-09-01,413,2602183000000.0,117652.65237468175,687.9312693531341,0.6003506722239075,,0.29120815134937206,0.7061608727298002,1.3808897957389092,0.26666666666666666,
1988-10-01,407,2684392000000.0,117815.66331221192,708.6827155687679,0.5743049619509257,,0.29120815134937206,0.7061608727298002,1.3808897957389092,0.2375,
1988-11-01,420,2684392000000.0,117984.34522566096,707.6695137218468,0.5934973767501919,,0.29120815134937206,0.7061608727298002,1.3808897957389092,0.24166666666666667,
1988-12-01,419,2684392000000.0,118147.815732623,706.6903750602274,0.5929046365804698,,0.29120815134937206,0.7061608727298002,1.3808897957389092,0.2375,
1989-01-01,404,2740898000000.0,118316.97320343224,720.5344673954758,0.5606948984138725,,0.29120815134937206,0.7061608727298002,1.3808897957389092,0.22083333333333333,
1989-02-01,388,2740898000000.0,118486.37286449908,719.504321129598,0.5392601386894422,,0.29120815134937206,0.7061608727298002,1.3808897957389092,0.20833333333333334,
1989-03-01,390,2740898000000.0,118639.58746609032,718.5751323970718,0.5427407412486033,,0.29120815134937206,0.7061608727298002,1.3808897957389092,0.20833333333333334,
1989-04-01,384,2799923000000.0,118809.44902831364,733.0001165694702,0.5238744050917301,,0.29120815134937206,0.7061608727298002,1.3808897957389092,0.19166666666666668,
1989-05-01,371,2799923000000.0,118974.06273894948,731.9859302308076,0.5068403430691862,,0.29120815134937206,0.7061608727298002,1.3808897957389092,0.1875,
1989-06-01,368,2799923000000.0,119144.4031842639,730.9394118381094,0.5034617015308865,,0.29120815134937206,0.7061608727298002,1.3808897957389092,0.18333333333333332,
1989-07-01,375,2857431000000.0,119309.48098295803,744.9201689350432,0.5034096479574577,,0.29120815134937206,0.7061608727298002,1.3808897957389092,0.17916666666666667,
1989-08-01,365,2857431000000.0,119480.30166145718,743.855158494697,0.4906869245064221,,0.29120815134937206,0.7061608727298002,1.3808897957389092,0.175,
1989-09-01,362,2857431000000.0,119651.36691150222,742.7916706970248,0.4873506452492992,,0.29120815134937206,0.7061608727298002,1.3808897957389092,0.17083333333333334,
1989-10-01,367,2952994000000.0,119817.14712217606,766.5712503257888,0.4787552361819294,,0.29120815134937206,0.7061608727298002,1.3808897957389092,0.16666666666666666,
1989-11-01,394,2952994000000.0,119988.69464881532,765.4752853903335,0.5147128947462887,,0.2953532305573311,0.7061608727298002,1.3808897957389092,0.1875,
1989-12-01,409,2952994000000.0,120154.94223620874,764.4161660812397,0.5350488623189751,,0.30624661320820007,0.7061608727298002,1.3808897957389092,0.2,
1990-01-01,410,3051958000000.0,120326.97339910304,788.9046160921283,0.5197079490179078,,0.31984634015155056,0.7061608727298002,1.3808897957389092,0.18333333333333332,
1990-02-01,417,3051958000000.0,120499.25086664748,787.7767212013554,0.5293378044531161,,0.3216436646334462,0.7061608727298002,1.3808897957389092,0.1875,
1990-03-01,393,3051958000000.0,120655.06831862305,786.7593635127491,0.4995174105654372,,0.3287638038004374,0.7061608727298002,1.3808897957389092,0.15833333333333333,
1990-04-01,374,3143754000000.0,120827.81553422356,809.2646471854653,0.4621479528368519,,0.3661214897749221,0.7061608727298002,1.3808897957389092,0.1375,
1990-05-01,369,3143754000000.0,120995.2257463387,808.1449404746679,0.4566012623716557,,0.4030938817438566,0.7061608727298002,1.3808897957389092,0.13333333333333333,
1990-06-01,352,3143754000000.0,121168.4599804236,806.9895377418502,0.436189050213687,,0.4112134270312172,0.7061608727298002,1.3808897957389092,0.12083333333333333,
1990-07-01,363,3233313000000.0,121336.34216464832,828.8306206564346,0.4379664444739067,,0.4137045673045184,0.7061608727298002,1.3808897957389092,0.12083333333333333,
1990-08-01,395,3233313000000.0,121510.06479024696,827.6456436601212,0.4772573903164404,,0.4177434495497109,0.7061608727298002,1.3808897957389092,0.14166666666666666,
1990-09-01,389,3233313000000.0,121684.03614223796,826.4623608223569,0.4706808421534555,,0.41910954296309333,0.7061608727298002,1.3808897957389092,0.1375,
1990-10-01,381,3364820000000.0,121852.63267120384,858.8866601384967,0.4435975288503878,,0.4312859149571044,0.7061608727298002,1.3808897957389092,0.11666666666666667,
1990-11-01,382,3364820000000.0,122027.09449283202,857.6587121002132,0.4453986120709576,,0.4358336955582497,0.7061608727298002,1.3808897957389092,0.12083333333333333,
1990-12-01,377,3364820000000.0,122196.16633843744,856.4720468741313,0.4401778217700602,,0.43778837961808253,0.7061608727298002,1.3808897957389092,0.10833333333333334,
1991-01-01,384,3465189000000.0,122371.12001246194,880.7586753555116,0.4359877577646354,,0.43778837961808253,0.7061608727298002,1.3808897957389092,0.09166666666666666,
1991-02-01,364,3465189000000.0,122546.32417542546,879.4994569535984,0.4138717734526177,,0.43778837961808253,0.7061608727298002,1.3808897957389092,0.07083333333333333,
1991-03-01,363,3465189000000.0,122704.78869569968,878.3636458657915,0.4132684699651882,,0.43778837961808253,0.7061608727298002,1.3808897957389092,0.06666666666666667,
1991-04-01,358,3537988000000.0,122880.47058692414,895.5347179554986,0.3997611626016155,,0.43778837961808253,0.7061608727298002,1.3808897957389092,0.05416666666666667,
1991-05-01,357,3537988000000.0,123050.72480822916,894.2956471065074,0.3991968440806718,,0.43778837961808253,0.7061608727298002,1.3808897957389092,0.05,
1991-06-01,367,3537988000000.0,123226.90199153748,893.0170749310669,0.4109663860887869,,0.43778837961808253,0.7061608727298002,1.3808897957389092,0.058333333333333334,
1991-07-01,368,3665303000000.0,123397.63620293976,923.8723708348642,0.3983234174082444,,0.43778837961808253,0.7061608727298002,1.3808897957389092,0.041666666666666664,
1991-08-01,356,3665303000000.0,123574.31007468671,922.5515128939476,0.3858863109803648,,0.43778837961808253,0.7061608727298002,1.3808897957389092,0.0375,
1991-09-01,349,3665303000000.0,123751.23689825606,921.2325433802158,0.378840285775661,,0.43778837961808253,0.7061608727298002,1.3808897957389092,0.03333333333333333,
1991-10-01,359,3801698000000.0,123922.69758987783,954.1918286798408,0.3762346199261521,,0.43778837961808253,0.7061608727298002,1.3808897957389092,0.029166666666666667,
1991-11-01,360,3801698000000.0,124100.12321531304,952.8276230884012,0.377822799503998,,0.43778837961808253,0.7061608727298002,1.3808897957389092,0.029166666666666667,
1991-12-01,362,3801698000000.0,124272.0672983798,951.5092811992358,0.3804482070251095,,0.43778837961808253,0.7061608727298002,1.3808897957389092,0.03333333333333333,
1992-01-01,354,3881288000000.0,124449.99313193056,970.0406412746272,0.3649331635578137,,0.43778837961808253,0.7061608727298002,1.3808897957389092,0.0125,
1992-02-01,354,3881288000000.0,124628.173709793,968.6537766767808,0.3654556545626542,,0.43778837961808253,0.7061608727298002,1.3808897957389092,0.0125,
1992-03-01,344,3881288000000.0,124795.08971138755,967.3581823091956,0.3556076810957781,,0.43778837961808253,0.7061608727298002,1.3808897957389092,0.004166666666666667,
1992-04-01,339,3984656000000.0,124973.7643793371,991.7013858593303,0.3418367714654843,,0.43778837961808253,0.7061608727298002,1.3808897957389092,0.0,
1992-05-01,337,3984656000000.0,125146.91891590692,990.3292578407452,0.34029086521666,,0.43778837961808253,0.7061608727298002,1.3808897957389092,0.0,
1992-06-01,341,3984656000000.0,125326.09731334164,988.9133866602284,0.3448229183666223,,0.43778837961808253,0.7061608727298002,1.3808897957389092,0.008333333333333333,
1992-07-01,353,4064621000000.0,125499.7400167376,1007.3634003868872,0.350419719303309,,0.43616891678740144,0.7061608727298002,1.3808897957389092,0.0125,
1992-08-01,343,4064621000000.0,125679.42356379944,1005.9231755367954,0.3409803137470844,,0.43565267576674926,0.7061608727298002,1.3808897957389092,0.004166666666666667,
1992-09-01,345,4064621000000.0,125859.3643717694,1004.4850097724496,0.3434595804253508,,0.4342806264304594,0.7061608727298002,1.3808897957389092,0.0125,
1992-10-01,344,4177009000000.0,126033.74593112308,1030.8310797103416,0.3337113197020236,,0.43372992163937124,0.7061608727298002,1.3808897957389092,0.0,
1992-11-01,335,4177009000000.0,126214.19403815005,1029.3573031797712,0.3254457892950843,,0.43372992163937124,0.7061608727298002,1.3808897957389092,0.0,
1992-12-01,335,4177009000000.0,126389.0672236202,1027.9330740549883,0.3258967032537367,,0.43372399170620707,0.7061608727298002,1.3808897957389092,0.004166666666666667,
1993-01-01,329,4230580000000.0,126570.02405990966,1039.6280456568584,0.316459335023163,,0.43372399170620707,0.7061608727298002,1.3808897957389092,0.0,
1993-02-01,329,4230580000000.0,126751.23998013193,1038.1416921268092,0.316912423896576,,0.4138114034925321,0.7061608727298002,1.3808897957389092,0.004166666666666667,
1993-03-01,330,4230580000000.0,126915.14187252049,1036.8010058588304,0.3182867282489234,,0.413037682471382,0.7061608727298002,1.3808897957389092,0.008333333333333333,
1993-04-01,342,4351950000000.0,127096.85191323028,1065.0206806073322,0.3211205249131624,,0.40983187329301646,0.7061608727298002,1.3808897957389092,0.0125,
1993-05-01,367,4351950000000.0,127272.948045101,1063.5471072746016,0.3450716921608276,,0.399704694869803,0.7061608727298002,1.3808897957389092,0.05,
1993-06-01,372,4351950000000.0,127455.1703727864,1062.0265567239742,0.3502737268148037,,0.39910941529806176,0.7016761545304101,1.3808897957389092,0.05416666666666667,
1993-07-01,392,4411489000000.0,127631.76296459103,1075.066601321906,0.3646285723303051,,0.39706187825391037,0.7007702157206631,1.3808897957389092,0.06666666666666667,
1993-08-01,379,4411489000000.0,127814.49902351972,1073.5295813804105,0.3530410401105654,,0.38533902084455146,0.7007702157206631,1.3808897957389092,0.0625,
1993-09-01,355,4411489000000.0,127997.49671377325,1071.9947589123528,0.3311583354756169,,0.38028710827272716,0.7007702157206631,1.3808897957389092,0.025,
1993-10-01,364,4535687000000.0,128174.84071341704,1100.6499750940245,0.330713676679005,,0.37873841396485786,0.7007702157206631,1.3808897957389092,0.025,
1993-11-01,374,4535687000000.0,128358.35432085878,1099.0763786691646,0.3402857228656522,,0.377663680327643,0.7007702157206631,1.3808897957389092,0.0375,
1993-12-01,383,4535687000000.0,128536.19829849422,1097.5556855298378,0.3489572374773033,,0.3751425693034634,0.7007702157206631,1.3808897957389092,0.06666666666666667,
1994-01-01,387,4575869000000.0,128720.22927762644,1105.6959418203849,0.3500058066260555,,0.3654033718165191,0.6981889086774492,1.3808897957389092,0.07083333333333333,
1994-02-01,382,4575869000000.0,128904.5237420782,1104.1151311899373,0.3459784122225617,,0.36490269298880257,0.6926315050736617,1.3808897957389092,0.06666666666666667,
1994-03-01,384,4575869000000.0,129071.2100433884,1102.6892449107522,0.3482395441619453,,0.363716280033378,0.6892183890669167,1.3808897957389092,0.07083333333333333,
1994-04-01,377,4645802000000.0,129256.0070225779,1117.9410374184947,0.3372270874594187,,0.35535017953983544,0.6861752131214999,1.3808897957389092,0.0375,
1994-05-01,381,4645802000000.0,129435.09472235246,1116.3942429474564,0.3412772883834478,,0.3527780280430526,0.6821620811596325,1.3808897957389092,0.05416666666666667,
1994-06-01,386,4645802000000.0,129620.41269138487,1114.798136983536,0.3462510271540763,,0.35040511731667173,0.6798097425323283,1.3808897957389092,0.07916666666666666,
1994-07-01,385,4692750000000.0,129800.00528508672,1124.5056599974157,0.3423726653371267,,0.35024692556965625,0.6765267686520603,1.3808897957389092,0.0625,
1994-08-01,380,4692750000000.0,129985.84571276535,1122.8979571615027,0.3384100911186766,,0.34990080808079166,0.6729093626841115,1.3808897957389092,0.041666666666666664,
1994-09-01,392,4692750000000.0,130171.95221643135,1121.292552854179,0.3495965428488657,,0.34953255964145025,0.6703923280601805,1.3808897957389092,0.1,
1994-10-01,390,4800150000000.0,130352.30898308849,1145.3679277380872,0.3405019387701781,,0.3488854016361764,0.6686612789760662,1.3808897957389092,0.05416666666666667,
1994-11-01,384,4800150000000.0,130538.94016848106,1143.7303981719017,0.3357434589600591,,0.34804017963835243,0.6676780417234136,1.3808897957389092,0.0375,
1994-12-01,379,4800150000000.0,130719.80540688886,1142.1479212817646,0.3318309239443091,,0.3462237559973603,0.6671308781483734,1.3808897957389092,0.03333333333333333,
1995-01-01,379,4864116000000.0,130906.96275321972,1155.713308359996,0.3279360004409885,,0.3458876331060039,0.6666538099254078,1.3808897957389092,0.025,
1995-02-01,377,4864116000000.0,131094.38806102876,1154.060988029872,0.3266725103008521,,0.3450468067069972,0.6664536944214234,1.3808897957389092,0.025,
1995-03-01,382,4864116000000.0,131263.90607353966,1152.5706002236643,0.3314330592207281,,0.34468634140099186,0.666106174402446,1.3808897957389092,0.041666666666666664,
1995-04-01,391,4951372000000.0,131451.8424329404,1171.5688508394992,0.3337405221381783,,0.3433507338208573,0.6656845276041071,1.3808897957389092,0.05416666666666667,
1995-05-01,385,4951372000000.0,131633.97252216967,1169.947856386067,0.3290744949858304,,0.3423190381664951,0.6622767161412866,1.3808897957389092,0.03333333333333333,
1995-06-01,388,4951372000000.0,131822.43872212732,1168.2751849594183,0.3321135336906756,,0.3417807819078334,0.6584919459298519,1.3808897957389092,0.05416666666666667,
1995-07-01,386,4973983000000.0,132005.08228255616,1171.9864267194005,0.3293553501984515,,0.34124757928435895,0.6576562526039358,1.3808897957389092,0.0375,
1995-08-01,384,4973983000000.0,132194.0798168264,1170.3108407540149,0.3281179551858156,,0.34093244602161593,0.6559088559032747,1.3808897957389092,0.03333333333333333,
1995-09-01,383,4973983000000.0,132383.34794725358,1168.6376503695533,0.3277320389933403,,0.3404808255246118,0.6543223629786822,1.3808897957389092,0.029166666666666667,
1995-10-01,383,4988665000000.0,132566.768662611,1170.4654756575355,0.327220245248875,,0.34029035097806226,0.652623120274051,1.3808897957389092,0.029166666666666667,
1995-11-01,385,4988665000000.0,132756.57038819743,1168.792064191952,0.3293999093552803,,0.34009769283442925,0.650528368543029,1.3808897957389092,0.05416666666666667,
1995-12-01,387,4988665000000.0,132940.50821335884,1167.174911728473,0.3315698410848212,,0.3382916042418229,0.6491622448074462,1.3808897957389092,0.07083333333333333,
1996-01-01,399,5117786000000.0,133130.84503844546,1195.672857909609,0.3337033180610709,,0.33707843006379373,0.6480671419835663,1.3808897957389092,0.08333333333333333,
1996-02-01,405,5117786000000.0,133321.4543772111,1193.963407514766,0.3392063755479803,,0.33707843006379373,0.6444753782503609,1.3808897957389092,0.10833333333333334,
1996-03-01,396,5117786000000.0,133500.0133934351,1192.3664568775778,0.3321126636160127,,0.33554262553819486,0.6404000831597606,1.3808897957389092,0.07916666666666666,
1996-04-01,393,5161076000000.0,133691.15128691707,1200.7332267480194,0.3273000123969029,,0.33373760177957135,0.6404000831597606,1.3808897957389092,0.03333333333333333,
1996-05-01,392,5161076000000.0,133876.38399923508,1199.0718801705516,0.3269195170720235,,0.3337105195292944,0.6404000831597606,1.3808897957389092,0.029166666666666667,
1996-06-01,385,5161076000000.0,134068.06075921553,1197.3575702023666,0.3215413754263321,,0.3335439977694831,0.6404000831597606,1.3808897957389092,0.016666666666666666,
1996-07-01,383,5224811000000.0,134253.8156898193,1210.4668066922925,0.316406858810595,,0.3321134466831067,0.6404000831597606,1.3808897957389092,0.0,
1996-08-01,387,5224811000000.0,134446.0328355004,1208.7362054271086,0.320169114040274,,0.33208447888774645,0.6404000831597606,1.3808897957389092,0.016666666666666666,
1996-09-01,383,5224811000000.0,134638.52518699892,1207.0080783980811,0.3173135348922524,,0.3318048064099123,0.6404000831597606,1.3808897957389092,0.0125,
1996-10-01,381,5323172000000.0,134825.07051152352,1228.0294459679108,0.3102531468206795,,0.3315561603585622,0.6404000831597606,1.3808897957389092,0.0,
1996-11-01,378,5323172000000.0,135018.1055480833,1226.2737354427438,0.3082509141921105,,0.3314055765935428,0.6404000831597606,1.3808897957389092,0.0,
1996-12-01,369,5323172000000.0,135205.17679148243,1224.5770507603902,0.3013285278953029,,0.33111384270537836,0.6404000831597606,1.3808897957389092,0.0,
1997-01-01,355,5380890000000.0,135398.75604307116,1236.0851163344644,0.2871970508412325,,0.33058206450042404,0.6404000831597606,1.3808897957389092,0.0,
1997-02-01,347,5380890000000.0,135592.6124506648,1234.3178886381932,0.281126931071898,,0.3293954531683284,0.6404000831597606,1.3808897957389092,0.0,
1997-03-01,352,5380890000000.0,135767.94711230643,1232.7238547445852,0.2855465144486336,,0.329327253893996,0.6383708718277159,1.3808897957389092,0.004166666666666667,
1997-04-01,344,5376151000000.0,135962.33210713742,1229.877313422839,0.2797026957450111,,0.32897871565568304,0.636907401159721,1.3808897957389092,0.0,
1997-05-01,344,5376151000000.0,136150.71160201688,1228.175642793724,0.2800902314081927,,0.3280997551691789,0.6357865786300169,1.3808897957389092,0.004166666666666667,
1997-06-01,341,5376151000000.0,136345.6446177537,1226.4197232513327,0.2780451044084507,,0.3279155985855058,0.6332339792307573,1.3808897957389092,0.0,
1997-07-01,324,5413146000000.0,136534.55520250203,1233.1505428205169,0.2627416432538177,,0.3276888106842877,0.6315484451916936,1.3808897957389092,0.0,
1997-08-01,324,5413146000000.0,136730.03778415537,1231.3875106764144,0.263117822124104,,0.3272920348071533,0.6306570251542942,1.3808897957389092,0.004166666666666667,
1997-09-01,323,5413146000000.0,136925.8002468958,1229.6269991348122,0.2626812848345625,,0.32719015998680395,0.6277157640786843,1.3808897957389092,0.0,
1997-10-01,325,5502388000000.0,137115.51465298695,1248.1694560147434,0.2603813115549921,,0.3268948079926241,0.6245548205745128,1.3808897957389092,0.0,
1997-11-01,306,5502388000000.0,137311.82902006674,1246.384951369262,0.2455100245424437,,0.3265948465611355,0.6229421124870117,1.3808897957389092,0.0,
1997-12-01,289,5502388000000.0,137502.07827948214,1244.6604406061408,0.2321918417036369,,0.3258515837582359,0.6201537626252245,1.3808897957389092,0.0,
1998-01-01,289,5542426000000.0,137698.9461068604,1251.92474751929,0.2308445460261556,,0.32505322387316393,0.6122056403650917,1.3808897957389092,0.0,
1998-02-01,297,5542426000000.0,137896.0957986435,1250.13487394325,0.2375743659267619,,0.32149926556702574,0.6052242512749924,1.3808897957389092,0.008333333333333333,
1998-03-01,296,5542426000000.0,138074.4090921303,1248.5204135364213,0.2370806250268532,,0.3210252567402043,0.6035910422155255,1.3808897957389092,0.008333333333333333,
1998-04-01,308,5547935000000.0,138272.09635093127,1247.9746235572666,0.2467998901468581,,0.3199803755746706,0.6018100937197913,1.3808897957389092,0.020833333333333332,
1998-05-01,299,5547935000000.0,138463.67608675096,1246.2479133077063,0.2399201609946246,,0.31818927474977793,0.5999486354593608,1.3808897957389092,0.016666666666666666,
1998-06-01,292,5547935000000.0,138661.92067638255,1244.4661558868677,0.2346387634719616,,0.3172734009576897,0.5985480278143304,1.3808897957389092,0.008333333333333333,
1998-07-01,293,5526193000000.0,138854.040524367,1237.8740651046344,0.2366961294848951,,0.316867085832713,0.5973317531169989,1.3808897957389092,0.0125,
1998-08-01,284,5526193000000.0,139052.84401608707,1236.10427975293,0.2297540787228447,,0.31645408701028593,0.5969183729655012,1.3808897957389092,0.0,
1998-09-01,289,5526193000000.0,139251.9321435885,1234.337024658769,0.2341337853653816,,0.3157860346383504,0.5951085386661437,1.3808897957389092,0.0125,
1998-10-01,296,5614217000000.0,139444.86946844647,1252.2631252402357,0.2363720483610144,,0.3100523397026248,0.5932009326303649,1.3808897957389092,0.020833333333333332,
1998-11-01,294,5614217000000.0,139644.51887618483,1250.4727678864429,0.2351110776262011,,0.30755157890129003,0.5835306973517966,1.3808897957389092,0.020833333333333332,
1998-12-01,292,5614217000000.0,139838.00014059752,1248.7426011792456,0.2338352193032021,,0.2998846404160684,0.5674591283076317,1.3808897957389092,0.0125,
1999-01-01,287,5651615000000.0,140038.21241096515,1255.2636372394932,0.2286372292526171,,0.28703156878446145,0.5516447813398179,1.3808897957389092,0.0,
1999-02-01,287,5651615000000.0,140238.71133412505,1253.4689900614492,0.2289645793199322,,0.28510144738358534,0.5409976408434074,1.3808897957389092,0.004166666666666667,
1999-03-01,286,5651615000000.0,140420.05386124668,1251.850223880438,0.2284618355648553,,0.281023088667991,0.5371503734521264,1.3808897957389092,0.0,
1999-04-01,283,5638780000000.0,140621.09948375585,1247.2215292231192,0.2269043577016166,,0.28005145369178847,0.5321856725383199,1.3808897957389092,0.0,
1999-05-01,276,5638780000000.0,140815.93382705963,1245.4958609624596,0.2215984883215271,,0.27953649289565724,0.5265990195589418,1.3808897957389092,0.0,
1999-06-01,261,5638780000000.0,141017.54624848376,1243.715178748915,0.209855121542013,,0.27651503743380806,0.5217870184406658,1.3808897957389092,0.0,
1999-07-01,256,5656271000000.0,141212.92987952137,1245.846919268953,0.2054827090235272,,0.2630801800131502,0.5172043917656385,1.3808897957389092,0.0,
1999-08-01,257,5656271000000.0,141415.1106978112,1244.0657351482548,0.2065807237825527,,0.26273560678783775,0.5107614513208127,1.3808897957389092,0.004166666666666667,
1999-09-01,265,5656271000000.0,141617.58098735075,1242.2870975818907,0.2133162298117898,,0.2624503762390324,0.5051481975877087,1.3744294620160817,0.0125,
1999-10-01,311,5776091000000.0,141813.79598277633,1266.8479183767392,0.2454911876071882,,0.25899019666667833,0.5034356740714013,1.3598998078874682,0.0875,
1999-11-01,293,5776091000000.0,142016.83708773073,1265.0367091818923,0.2316138321309941,,0.24667059921975526,0.501459752922772,1.3538571072342336,0.04583333333333333,
1999-12-01,283,5776091000000.0,142213.60526330076,1263.286391658938,0.2240188779587553,,0.2455081407838775,0.4950824799240689,1.346184049606955,0.020833333333333332,
2000-01-01,284,5773392000000.0,142417.21879294436,1260.8908211805276,0.2252375822151681,,0.24492831266333057,0.489015939692766,1.3304369203711204,0.025,
2000-02-01,300,5773392000000.0,142621.12384511408,1259.0881288321464,0.2382676741446699,,0.23975439788516414,0.483033822076409,1.3102032154440468,0.09583333333333334,
2000-03-01,286,5773392000000.0,142812.1380197307,1257.4040725394998,0.227452738738458,,0.23819825237315562,0.47800572655619794,1.2793634418191975,0.03333333333333333,
2000-04-01,280,5685938000000.0,143016.60849528265,1236.5867318305409,0.2264297301536715,,0.23752494560045107,0.47395770950381494,1.2283550470133853,0.029166666666666667,
2000-05-01,275,5685938000000.0,143214.7618812255,1234.8757779825887,0.2226944644175192,,0.23704214738306464,0.46639488380635663,1.2084614971537133,0.020833333333333332,
2000-06-01,286,5685938000000.0,143419.80881122715,1233.1102792742338,0.2319338382032868,,0.2366637013874386,0.45936623588133135,1.194379802830299,0.07083333333333333,
2000-07-01,282,5674179000000.0,143618.520842132,1228.857487728428,0.2294814515239547,,0.23624564755106497,0.45096515223482914,1.1889683413717156,0.058333333333333334,
2000-08-01,274,5674179000000.0,143824.14585175551,1227.1005933540955,0.2232905773853976,,0.2350638034589825,0.44449715822271496,1.165918747894061,0.025,
2000-09-01,274,5674179000000.0,144030.0652638303,1225.34621080711,0.2236102724139669,,0.23458821668902308,0.44188436721833135,1.1490668170490903,0.029166666666666667,
2000-10-01,270,5662216000000.0,144229.62282158443,1221.0709587627362,0.2211173708312419,,0.23410391161247598,0.43907074092553955,1.1342711867142228,0.016666666666666666,
2000-11-01,266,5662216000000.0,144436.12277303071,1219.3251967687422,0.2181534513556433,,0.2336703594886284,0.4370768438621964,1.1036743053177935,0.016666666666666666,
2000-12-01,271,5662216000000.0,144636.2429344655,1217.638126154433,0.2225620191902804,,0.23216602844371245,0.4360883923749305,1.0893068670662165,0.029166666666666667,
2001-01-01,265,5773740000000.0,144843.32506197187,1239.845798121265,0.2137362568809393,,0.23190181771018964,0.4247858595924303,1.0839879054651866,0.016666666666666666,
2001-02-01,262,5773740000000.0,145050.70367814988,1238.0731937879625,0.2116191524980802,,0.23153678829766222,0.41357001169879604,1.0569269483667223,0.0125,
2001-03-01,263,5773740000000.0,145238.2685874073,1236.47431018445,0.2127015481306418,,0.23073526679740455,0.41211582059663243,1.0518683700341271,0.016666666666666666,
2001-04-01,260,5726815000000.0,145446.212661757,1224.6716779818746,0.212301798657132,,0.22972680143447763,0.4053250551015047,1.0489779345976098,0.016666666666666666,
2001-05-01,272,5726815000000.0,145647.73233009985,1222.9772099223485,0.2224080692536129,,0.22942971184076433,0.3994789036940314,1.040943593845917,0.04583333333333333,
2001-06-01,270,5726815000000.0,145856.26265186066,1221.2287225659984,0.2210888058976262,,0.22893182323359157,0.3987598916049598,1.0169938594384509,0.0375,
2001-07-01,268,5807464000000.0,146058.35045557466,1236.7134165979742,0.2167033982191529,,0.22861968382618567,0.39205554978951573,1.012149451115322,0.03333333333333333,
2001-08-01,272,5807464000000.0,146267.46867752765,1234.94529062244,0.220252671972947,,0.22836072475000987,0.38315761134031207,0.9950782543352037,0.041666666666666664,
2001-09-01,283,5807464000000.0,146476.88630331898,1233.1796925320436,0.2294880476169099,,0.22836072475000987,0.37964339513842504,0.9744433082877855,0.11666666666666667,
2001-10-01,283,5943439000000.0,146679.83399791716,1260.3069681068507,0.2245484688742964,,0.2273978410479828,0.3783312005857498,0.9614740979117978,0.08333333333333333,
2001-11-01,276,5943439000000.0,146889.84202543716,1258.5051104917,0.2193078102735446,,0.22685685021141483,0.37702787346669936,0.9457159200894264,0.041666666666666664,
2001-12-01,276,5943439000000.0,147093.3618813769,1256.7638301544318,0.2196116671865747,,0.22631023196582753,0.37080597257088965,0.9437783313358137,0.04583333333333333,
2002-01-01,282,6006032000000.0,147303.96197511873,1268.1836542952449,0.2223652694504354,,0.22516857582157568,0.36519431561792,0.9253622005618468,0.06666666666666667,
2002-02-01,296,6006032000000.0,147514.86359436053,1266.3705354022068,0.2337388558286289,,0.22516857582157568,0.3647808361524318,0.8898390546807464,0.15833333333333333,
2002-03-01,294,6006032000000.0,147705.61490616106,1264.7351077916385,0.232459744486223,,0.22516857582157568,0.36008987915191953,0.8845178212099117,0.15833333333333333,
2002-04-01,303,6126469000000.0,147917.0915897283,1288.2519807110154,0.2352024328600429,,0.22516857582157568,0.35432203657881595,0.8802901864898959,0.18333333333333332,
2002-05-01,314,6126469000000.0,148122.03472777153,1286.4695423047206,0.2440788449895723,,0.22516857582157568,0.3517279377275746,0.8766176002766601,0.2125,
2002-06-01,321,6126469000000.0,148334.1076180768,1284.6302801248537,0.2498773421165208,,0.22516857582157568,0.3503467154545158,0.7905144413269557,0.22916666666666666,
2002-07-01,313,6228236000000.0,148539.62854312587,1304.1623682642642,0.2400007910185125,,0.22516857582157568,0.35013974109450924,0.7805151646631848,0.2125,
2002-08-01,310,6228236000000.0,148752.29932102803,1302.2978106968487,0.2380407902506736,,0.22516857582157568,0.34980111488315413,0.7662091834732762,0.20416666666666666,
2002-09-01,319,6228236000000.0,148965.27458912056,1300.4359188825686,0.2453023600533185,,0.22516857582157568,0.34927674389251256,0.7482557993308614,0.225,
2002-10-01,317,6405707000000.0,149171.6700131088,1335.640734263919,0.2373392723565749,,0.22516857582157568,0.3485982061214713,0.7376377369410756,0.2,
2002-11-01,319,6405707000000.0,149385.24571283153,1333.7311721579867,0.2391786340899985,,0.22516857582157568,0.34724386223767995,0.7299849421381676,0.21666666666666667,
2002-12-01,332,6405707000000.0,149592.22301819027,1331.8858082846748,0.24927061909878,,0.22516857582157568,0.3461146928479033,0.7285561447121198,0.25,
2003-01-01,357,6460776000000.0,149806.40084231316,1341.4152873309802,0.2661368208426523,2.2942857142857145,0.22516857582157568,0.34552475476694255,0.7279939235144538,0.275,0.35565947842341195
2003-02-01,359,6460776000000.0,150020.88531433142,1339.4974693614515,0.2680109579984036,1.9900000000000002,0.22516857582157568,0.3449472828369653,0.7262609966602159,0.2791666666666667,0.3650098567387929
2003-03-01,341,6460776000000.0,150214.87716012858,1337.7676035090496,0.2549022708469956,1.9442857142857142,0.22516857582157568,0.3441405742763342,0.7221197972559558,0.25833333333333336,0.36643569195582326
2003-04-01,328,6670121000000.0,150429.94646581792,1379.1399814224874,0.2378293751310804,2.183809523809524,0.22516857582157568,0.34291569224198326,0.7195169687697778,0.20833333333333334,0.3590262724547982
2003-05-01,356,6670121000000.0,150638.37123237495,1377.2317894636535,0.2584895314815816,1.908095238095238,0.22516857582157568,0.3421046134691494,0.7179612193961155,0.26666666666666666,0.3675684271587354
2003-06-01,356,6670121000000.0,150854.04687332085,1375.2627647335903,0.2588596224147482,1.7219047619047618,0.22516857582157568,0.3415569153676921,0.7172737318793289,0.2708333333333333,0.37345163581813645
2003-07-01,351,6783320000000.0,151063.05924248297,1396.6673063494195,0.2513125340618423,2.1095454545454544,0.22516857582157568,0.3411287687483162,0.7126944899528199,0.2625,0.36130738622826486
2003-08-01,360,6783320000000.0,151279.3429280992,1394.6704947110948,0.2581254865326263,2.32047619047619,0.22516857582157568,0.3407410423082987,0.7117119586629838,0.2708333333333333,0.3548659567534505
2003-09-01,379,6783320000000.0,151495.93627666615,1392.6765379092085,0.2721378508817155,2.1861904761904762,0.22516857582157568,0.3403963856330647,0.7021293699910837,0.30833333333333335,0.3589533772784886
2003-10-01,379,6997964000000.0,151705.8380009879,1434.7569848131277,0.264156232736071,2.076363636363636,0.22516857582157568,0.34028829403144234,0.7005236891558289,0.3,0.36233128637569006
2003-11-01,390,6997964000000.0,151923.04198147717,1432.7057164599426,0.2722122174284659,1.963888888888889,0.22516857582157568,0.3397456205810199,0.6849802708568261,0.31666666666666665,0.3658235852500588
2003-12-01,407,6997964000000.0,152133.53547232487,1430.7234104109914,0.2844714757851657,1.9836363636363636,0.22516857582157568,0.3388079993997013,0.6725244332388214,0.3375,0.36520800658738783
2004-01-01,414,7131068000000.0,152351.35180626376,1455.851918943555,0.284369580870849,1.8875,0.22516857582157568,0.33781807144501286,0.6696353734332676,0.3375,0.3682146055367354
2004-02-01,405,7131068000000.0,152569.47999751393,1453.7704912175611,0.2785859270405225,1.7621052631578948,0.22516857582157568,0.33648445550820266,0.6680339502623529,0.325,0.37217346907693516
2004-03-01,407,7131068000000.0,152773.81812434745,1451.8260432573782,0.2803366160086491,1.465217391304348,0.22516857582157568,0.3347404924681329,0.666892344800738,0.3375,0.3817170972913053
2004-04-01,403,7274335000000.0,152992.55117937294,1478.8766377382692,0.2725041357177235,1.9028571428571428,0.22516857582157568,0.33372592060068373,0.6664227705600748,0.32083333333333336,0.36773266549700223
2004-05-01,384,7274335000000.0,153204.52650419145,1476.8304491379438,0.2600163073724195,2.09,0.22516857582157568,0.33370731885756433,0.6658849913593134,0.2833333333333333,0.3619101547622071
2004-06-01,392,7274335000000.0,153423.8762235178,1474.7190284615488,0.2658133464304321,2.146190476190476,0.22516857582157568,0.3329074768844426,0.6655684068194146,0.30833333333333335,0.3601799829086821
2004-07-01,398,7379053000000.0,153636.44916087124,1493.8785999095385,0.2664205779667108,2.024285714285714,0.22516857582157568,0.33211309865305927,0.6596781050376637,0.31666666666666665,0.3639441224203874
2004-08-01,401,7379053000000.0,153856.41728303256,1491.742805536044,0.2688130946647363,1.8595454545454546,0.22516857582157568,0.3319717638916102,0.6580617814308671,0.325,0.36909350092539367
2004-09-01,405,7379053000000.0,154076.7003433158,1489.6100647022463,0.2718832327982117,1.799047619047619,0.22516857582157568,0.33170035682712784,0.6574179245123102,0.32916666666666666,0.37100275192364407
2004-10-01,420,7596143000000.0,154290.17778617475,1531.312366927672,0.2742745432420567,1.7289999999999999,0.22516857582157568,0.33150144309802476,0.6547515574418169,0.3458333333333333,0.37322572559097456
2004-11-01,439,7596143000000.0,154511.0818806193,1529.123053594216,0.2870926567800589,1.6759999999999997,0.22516857582157568,0.331295668871671,0.6504353644594041,0.3875,0.37491653737865593
2004-12-01,442,7596143000000.0,154725.16117086724,1527.0073435472016,0.2894550585285625,1.6686363636363637,0.22516857582157568,0.33093593139464417,0.6485012533247058,0.3958333333333333,0.3751520581687923
2005-01-01,424,7776939000000.0,154946.68805032683,1561.116565763046,0.2716004744929193,1.7235,0.22516857582157568,0.3300561393469537,0.6485012533247058,0.32916666666666666,0.3734008320085345
2005-02-01,423,7776939000000.0,155168.53209965042,1558.8846414435416,0.2713478526597697,1.6310526315789473,0.22516857582157568,0.3293776290233545,0.6485012533247058,0.32916666666666666,0.3763564543879738
2005-03-01,434,7776939000000.0,155369.1803619812,1556.8714526389726,0.2787641839436062,1.7872727272727273,0.22516857582157568,0.3292148926422326,0.6478520473991707,0.36666666666666664,0.3713755022886546
2005-04-01,429,7836496000000.0,155591.62931229625,1566.5513136457112,0.2738499506930432,1.7057142857142857,0.22516857582157568,0.3285958770261057,0.64044358967303,0.3541666666666667,0.373967647816053
2005-05-01,422,7836496000000.0,155807.205730287,1564.3838174813873,0.269754771996688,1.6533333333333333,0.22516857582157568,0.32802696519724084,0.64044358967303,0.32916666666666666,0.3756419882939735
2005-06-01,431,7836496000000.0,156030.28182096,1562.1472219805455,0.2759022926491928,1.6745454545454548,0.22516857582157568,0.3278340038553751,0.6381732381076387,0.36666666666666664,0.37496304828209437
2005-07-01,424,7932710000000.0,156246.46600388628,1579.1388280054434,0.2685007755369678,1.8765,0.22516857582157568,0.3275159544592943,0.6381732381076387,0.325,0.3685601972863492
2005-08-01,438,7932710000000.0,156470.171002986,1576.881137304188,0.2777634849185894,1.8891304347826088,0.22516857582157568,0.3272601263925601,0.6350959454085864,0.375,0.36816340904610145
2005-09-01,456,7932710000000.0,156694.1962904602,1574.6266744174936,0.2895924522355049,1.6990476190476191,0.22516857582157568,0.3270698465969483,0.6319263982313742,0.43333333333333335,0.3741803305251953
2005-10-01,470,8170413000000.0,156911.300344872,1619.5662797096345,0.29020115193079,1.9425000000000001,0.22516857582157568,0.32679599034911705,0.6319263982313742,0.4375,0.3664915015359678
2005-11-01,477,8170413000000.0,157135.95721680092,1617.2507899851591,0.2949449788207414,2.0635,0.22516857582157568,0.3262843761976201,0.6319263982313742,0.44166666666666665,0.36272900303142985
2005-12-01,510,8170413000000.0,157353.67334294517,1615.0131455151002,0.3157869032931853,2.1233333333333335,0.22516857582157568,0.32567116823427616,0.6319263982313742,0.4583333333333333,0.36088278140241237
2006-01-01,550,8371156000000.0,157578.96357992655,1652.327507846886,0.3328637920678896,2.006,0.22516857582157568,0.32567116823427616,0.6318336895510477,0.575,0.3645121262480862
2006-02-01,555,8371156000000.0,157804.57637493787,1649.9651794792112,0.3363707349116168,2.0489473684210524,0.22516857582157568,0.32567116823427616,0.6318336895510477,0.5958333333333333,0.3631794662028192
2006-03-01,557,8371156000000.0,158008.63330329204,1647.8343666281844,0.3380194097661278,2.197391304347826,0.22516857582157568,0.32567116823427616,0.626539439780399,0.6041666666666666,0.35861065154965965
2006-04-01,611,8420042000000.0,158234.86127551371,1655.0877514309375,0.3691647161739601,2.4089473684210527,0.22516857582157568,0.32567116823427616,0.626539439780399,0.7125,0.35219851642096717
2006-05-01,675,8420042000000.0,158454.09996300482,1652.797755360208,0.4083984249197456,2.445909090909091,0.22516857582157568,0.32567116823427616,0.626539439780399,0.75,0.3510900530435721
2006-06-01,596,8420042000000.0,158680.96572961158,1650.4347546808783,0.3611169713371918,2.5295454545454543,0.22516857582157568,0.32567116823427616,0.626539439780399,0.7,0.34859470194440156
2006-07-01,634,8506974000000.0,158900.8225069106,1665.167391927806,0.3807425025696679,2.507,0.22516857582157568,0.32567116823427616,0.626539439780399,0.7375,0.3492656104690946
2006-08-01,633,8506974000000.0,159128.32786600757,1662.7867064110444,0.3806862284617766,2.2908695652173914,0.22516857582157568,0.32567116823427616,0.6028310143256893,0.7375,0.3557631119816242
2006-09-01,598,8506974000000.0,159356.15895462316,1660.4094245542133,0.3601521354653543,2.3195,0.22516857582157568,0.32567116823427616,0.5941791709560332,0.7,0.3548955016807965
2006-10-01,586,8680224000000.0,159576.951230429,1691.880584618383,0.3463601422745666,2.4114285714285715,0.22516857582157568,0.32567116823427616,0.5929638839484047,0.6666666666666666,0.3521239969409728
2006-11-01,628,8680224000000.0,159805.4246330239,1689.461707319069,0.3717160307803276,2.291904761904762,0.22516857582157568,0.32567116823427616,0.5761383657323953,0.7291666666666666,0.3557317046846117
2006-12-01,630,8680224000000.0,160026.8393785995,1687.1241510970108,0.3734165026268861,2.2504999999999997,0.22516857582157568,0.32567116823427616,0.562041262951723,0.7333333333333333,0.3569900673185044
2007-01-01,631,8849665000000.0,160255.95690602073,1717.5982413440163,0.3673734548693087,2.4366666666666665,0.22516857582157568,0.32567116823427616,0.5445099768351992,0.725,0.3513669011395566
2007-02-01,665,8849665000000.0,160485.40247117353,1715.1425955773466,0.3877228643931786,2.360526315789474,0.22516857582157568,0.32567116823427616,0.5396071921239949,0.7708333333333334,0.3536559363898376
2007-03-01,655,8849665000000.0,160692.92597287564,1712.9276107222402,0.3823862700910199,2.1768181818181818,0.22516857582157568,0.32567116823427616,0.5354685057691492,0.7666666666666667,0.3592404047638658
2007-04-01,679,8867677000000.0,160922.9971660327,1713.9600332305845,0.3961585957871936,2.255714285714286,0.22516857582157568,0.32567116823427616,0.5299061562763975,0.7791666666666667,0.3568313514535644
2007-05-01,667,8867677000000.0,161145.96033863217,1711.5885808782275,0.3896964536055491,2.3736363636363635,0.22516857582157568,0.32567116823427616,0.5244181978757328,0.7791666666666667,0.3532607441493869
2007-06-01,656,8867677000000.0,161376.68016119493,1709.1415271075946,0.3838184197128241,2.690952380952381,0.22516857582157568,0.32567116823427616,0.5201230991168264,0.7708333333333334,0.34382904026001326
2007-07-01,665,9007653000000.0,161600.2719238762,1733.7181583861711,0.3835686883610968,2.6366666666666667,0.22516857582157568,0.32567116823427616,0.5152102321242207,0.7708333333333334,0.3454245511262858
2007-08-01,665,9007653000000.0,161831.64220449646,1731.239466015767,0.3841178606737837,2.4382608695652173,0.22516857582157568,0.32567116823427616,0.5076221491098049,0.7791666666666667,0.35131913272102344
2007-09-01,713,9007653000000.0,162063.34374821495,1728.764317425439,0.4124333159894431,2.2573684210526315,0.22516857582157568,0.32567116823427616,0.5037985496945272,0.8208333333333333,0.35678101653674105
2007-10-01,755,9229172000000.0,162287.8869019004,1768.8278674712458,0.426836332627077,2.2022727272727276,0.22516857582157568,0.32567116823427616,0.5034148530726065,0.8333333333333334,0.3584613909547471
2007-11-01,806,9229172000000.0,162520.2416713989,1766.2989788405002,0.4563213870672702,1.768,0.22516857582157568,0.32567116823427616,0.49990527622855996,0.8625,0.3719864152426318
2007-12-01,803,9229172000000.0,162745.41786953603,1763.855109796226,0.4552528127396862,1.7890000000000001,0.22516857582157568,0.32567116823427616,0.49156290239725314,0.8625,0.3713207996690683
2008-01-01,890,9437594000000.0,162978.42770642464,1801.1094466388429,0.4941398767636702,1.4690476190476192,0.22516857582157568,0.32567116823427616,0.4910311311551029,0.9,0.381592427502665
2008-02-01,922,9437594000000.0,163211.77115383692,1798.5344051177913,0.5126396233379897,1.405,0.22516857582157568,0.32567116823427616,0.4910311311551029,0.9208333333333333,0.38368247100663827
2008-03-01,968,9437594000000.0,163430.3626283265,1796.128828325252,0.5389368428001812,1.091,0.22516857582157568,0.32567116823427616,0.4910311311551029,0.9458333333333333,0.394095942416251
2008-04-01,910,9492006000000.0,163664.3531310219,1803.901597814808,0.5044621065264018,1.3622727272727273,0.22516857582157568,0.32567116823427616,0.4910311311551029,0.9166666666666666,0.3850831370051474
2008-05-01,889,9492006000000.0,163891.11452658477,1801.4057014084638,0.4935034896941417,1.46,0.22516857582157568,0.32567116823427616,0.49096785613451877,0.9,0.3818869832913907
2008-06-01,889,9492006000000.0,164125.76470821965,1798.8302363327334,0.4942100605404543,1.6285714285714288,0.22516857582157568,0.32567116823427616,0.49096785613451877,0.9083333333333333,0.3764361021470506
2008-07-01,940,10024725000000.0,164353.16540202417,1897.157261297191,0.4954781657674863,1.5690909090909089,0.22516857582157568,0.32567116823427616,0.49096785613451877,0.9125,0.3783505077485904
2008-08-01,839,10024725000000.0,164588.47712240173,1894.4449004637495,0.4428737936873316,1.6761904761904762,0.22516857582157568,0.32567116823427616,0.48768324983947225,0.8541666666666666,0.37491044709234306
2008-09-01,830,10024725000000.0,164824.12574901176,1891.7364174855811,0.4387503419230054,1.85,0.22516857582157568,0.32567116823427616,0.47960791067931646,0.85,0.36939409176452603
2008-10-01,807,10699805000000.0,165052.4940409596,2016.3350950316171,0.4002310935263197,2.752272727272727,0.22516857582157568,0.32567116823427616,0.4774069637817305,0.8125,0.3420356368399636
2008-11-01,761,10699805000000.0,165288.80702118354,2013.4523459572893,0.3779577905223205,2.8883333333333336,0.22516857582157568,0.32567116823427616,0.4713343981332705,0.75,0.3380896792197248
2008-12-01,816,10699805000000.0,165517.81914162394,2010.6665130267645,0.4058355747774559,2.17,0.22516857582157568,0.32567116823427616,0.46299423394548567,0.8208333333333333,0.3594493564940103
2009-01-01,859,11126941000000.0,165754.7983484442,2087.942879235588,0.4114097222403357,1.9120000000000001,0.22516857582157568,0.32567116823427616,0.45715292244414824,0.8333333333333334,0.36744604266652026
2009-02-01,943,11126941000000.0,165992.1168489112,2084.957752697248,0.4522873419281848,1.7521052631578946,0.22516857582157568,0.32567116823427616,0.45634936687619965,0.8875,0.3724910077007939
2009-03-01,924,11126941000000.0,166206.76107706534,2082.265177830488,0.4437475158484452,1.7090909090909092,0.22516857582157568,0.32567116823427616,0.4553595574723298,0.8833333333333333,0.3738599715298014
2009-04-01,890,11545275000000.0,166444.72667262756,2157.462119349766,0.4125217272728921,1.5676190476190477,0.22516857582157568,0.32567116823427616,0.45258301767107967,0.8416666666666667,0.3783980034668295
2009-05-01,929,11545275000000.0,166675.3403510634,2154.4770330473693,0.4311951279823991,1.7169999999999999,0.22516857582157568,0.32567116823427616,0.44608273701530493,0.8583333333333333,0.37360788187806193
2009-06-01,946,11545275000000.0,166913.9768323663,2151.396782801276,0.4397143323642228,1.8622727272727273,0.22516857582157568,0.32567116823427616,0.44391234966738263,0.8791666666666667,0.3690076627642628
2009-07-01,934,11909828000000.0,167145.24066961222,2216.258488991323,0.421430985888784,1.8227272727272728,0.22516857582157568,0.32567116823427616,0.44361252526860334,0.8541666666666666,0.37025427232301084
2009-08-01,949,11909828000000.0,167384.54992805386,2213.089909957335,0.4288122211981416,1.7738095238095237,0.22516857582157568,0.32567116823427616,0.4429461140365715,0.8625,0.3718021574023169
2009-09-01,997,11909828000000.0,167624.20181618058,2209.9258610326037,0.4511463563461557,1.6419047619047618,0.22516857582157568,0.32567116823427616,0.4429461140365715,0.9125,0.3760082940011978
2009-10-01,1043,12311349000000.0,167856.44968938432,2281.269253181217,0.4572016207843692,1.4833333333333332,0.22516857582157568,0.32567116823427616,0.4429461140365715,0.9333333333333333,0.3811278019194777
2009-11-01,1127,12311349000000.0,168096.77721734074,2278.007728425682,0.494730542805868,1.2752631578947369,0.22516857582157568,0.32567116823427616,0.4429461140365715,0.9625,0.38795127340017205
2009-12-01,1135,12311349000000.0,168329.67985656674,2274.8558540053205,0.4989327117151685,1.3645454545454545,0.22516857582157568,0.32567116823427616,0.4429461140365715,0.9708333333333333,0.38500850490209415
2010-01-01,1118,12773123000000.0,168570.68492915397,2356.8067880447365,0.4743706635907645,1.3747368421052633,0.22516857582157568,0.32567116823427616,0.4429461140365715,0.9458333333333333,0.38467401665532014
2010-02-01,1095,12773123000000.0,168812.03505939868,2353.437267470827,0.4652769016345041,1.4189473684210527,0.22516857582157568,0.32567116823427616,0.4429461140365715,0.9416666666666667,0.3832263585770361
2010-03-01,1113,12773123000000.0,169030.3257207645,2350.3979703777845,0.47353682824237,1.5082608695652173,0.22516857582157568,0.32567116823427616,0.4429461140365715,0.95,0.38031841836559255
2010-04-01,1149,13201792000000.0,169272.33393912794,2425.8047445450443,0.4736572482116623,1.500909090909091,0.22516857582157568,0.32567116823427616,0.4429461140365715,0.95,0.38055694774611465
2010-05-01,1205,13201792000000.0,169506.8653440423,2422.448376685658,0.4974306208533761,1.307,0.22516857582157568,0.32567116823427616,0.4429461140365715,0.9791666666666666,0.386902650758691
2010-06-01,1233,13201792000000.0,169749.55584533172,2418.9850085021135,0.5097179170876712,1.2568181818181818,0.22516857582157568,0.32567116823427616,0.44361252526860334,0.9875,0.3885620225215002
2010-07-01,1193,13561622000000.0,169984.74845412694,2481.479066044598,0.4807616619960472,1.2409523809523808,0.22516857582157568,0.32567116823427616,0.44391234966738263,0.95,0.3890881392940304
2010-08-01,1216,13561622000000.0,170228.12316187198,2477.931301837036,0.4907319259006525,1.0218181818181817,0.22516857582157568,0.32567116823427616,0.44391234966738263,0.95,0.3964280130194134
2010-09-01,1271,13561622000000.0,170471.8463199863,2474.3886098587936,0.5136622416284613,0.909047619047619,0.22516857582157568,0.32567116823427616,0.44391234966738263,0.9916666666666667,0.40025904794975947
2010-10-01,1342,14025215000000.0,170708.03968180378,2555.4329471240735,0.5251556302857835,0.525,0.22516857582157568,0.32567116823427616,0.445970075739171,0.9916666666666667,0.41358578451655814
2010-11-01,1370,14025215000000.0,170952.44995769687,2551.7794512438595,0.5368802540251653,0.666,0.22516857582157568,0.32567116823427616,0.45126032525795967,0.9916666666666667,0.4086421986679493
2010-12-01,1391,14025215000000.0,171189.3092088758,2548.2487835123957,0.5458650697687005,1.044090909090909,0.22516857582157568,0.32567116823427616,0.45258301767107967,0.9958333333333333,0.39567571265468976
2011-01-01,1360,14270114000000.0,171434.40853970803,2589.037772988554,0.5252916794760153,1.0605,0.22516857582157568,0.32567116823427616,0.4553595574723298,0.9833333333333333,0.3951223803686825
2011-02-01,1375,14270114000000.0,171679.8587901289,2585.336232375651,0.5318457161514037,1.2378947368421052,0.22516857582157568,0.32567116823427616,0.45640933412439705,0.9833333333333333,0.38918961392877205
2011-03-01,1423,14270114000000.0,171901.85783128318,2581.9974542385808,0.5511237037294586,0.9639130434782609,0.22516857582157568,0.32567116823427616,0.4580028014586676,0.9958333333333333,0.3983905605150488
2011-04-01,1481,14343087000000.0,172147.97734959875,2591.4906476280307,0.5714857591153364,0.8634999999999999,0.22516857582157568,0.32567116823427616,0.4660963689200625,0.9958333333333333,0.4018168653691022
2011-05-01,1513,14343087000000.0,172386.4930363706,2587.905035085571,0.5846427822843088,0.7785714285714287,0.22516857582157568,0.32567116823427616,0.4735488688615003,0.9958333333333333,0.40473779890580613
2011-06-01,1529,14343087000000.0,172633.30642841585,2584.2051139451205,0.5916713002962003,0.7554545454545455,0.22516857582157568,0.32567116823427616,0.47372854144155285,0.9958333333333333,0.4055365236899471
2011-07-01,1573,14790340000000.0,172872.4945517759,2661.1000078294273,0.5911089381729193,0.6235,0.22516857582157568,0.32567116823427616,0.47500592152597026,0.9916666666666667,0.41012603289955596
2011-08-01,1759,14790340000000.0,173120.00377375793,2657.2954400256112,0.6619512356454601,0.13521739130434782,0.22516857582157568,0.32567116823427616,0.48174950422454677,0.9958333333333333,0.4275653099948209
2011-09-01,1772,14790340000000.0,173367.8673656768,2653.49631160255,0.6677981771641581,0.07761904761904763,0.22516857582157568,0.32567116823427616,0.49100838039157696,0.9958333333333333,0.42967076278275557
2011-10-01,1666,15222940000000.0,173608.07324311748,2727.329160509216,0.6108540267610909,0.186,0.22516857582157568,0.32567116823427616,0.4935670915024446,0.9875,0.4257175596051417
2011-11-01,1739,15222940000000.0,173856.63562575457,2723.429905056976,0.6385330486277446,0.0014999999999999996,0.22516857582157568,0.32567116823427616,0.49414689469281287,0.9875,0.43246913520497066
2011-12-01,1640,15222940000000.0,174097.5187048622,2719.661740030018,0.6030161677319102,-0.03142857142857143,0.22516857582157568,0.32567116823427616,0.49426208411663636,0.9791666666666666,0.43368533213189275
2012-01-01,1654,15606518000000.0,174346.7818482869,2784.203785823377,0.5940657104274643,-0.10800000000000001,0.22516857582157568,0.32567116823427616,0.4948052543102236,0.975,0.43652669194614196
2012-02-01,1745,15606518000000.0,174596.40187281556,2780.2232168663127,0.6276474455050595,-0.2545,0.22516857582157568,0.32567116823427616,0.4956730659193028,0.9833333333333333,0.4420148959674794
2012-03-01,1676,15606518000000.0,174830.24091920385,2776.504611078433,0.6036366708388136,-0.14136363636363636,0.22516857582157568,0.32567116823427616,0.4975806262152478,0.975,0.43777054231237755
2012-04-01,1649,15855037000000.0,175080.55313353872,2816.685041172465,0.5854399678686092,-0.2138095238095238,0.22516857582157568,0.32567116823427616,0.49948291283227303,0.9541666666666667,0.44048365941615886
2012-05-01,1589,15855037000000.0,175323.13198351403,2812.787847400598,0.5649199606249914,-0.34136363636363637,0.22516857582157568,0.32567116823427616,0.5049852395915799,0.9416666666666667,0.44530152347581103
2012-06-01,1599,15855037000000.0,175574.14989185863,2808.7664118845696,0.5692890634245142,-0.5004761904761905,0.22516857582157568,0.32567116823427616,0.5100093368115268,0.9416666666666667,0.45138531785798675
2012-07-01,1594,16066240000000.0,175817.41263351604,2842.24363861648,0.5608245466162471,-0.6019047619047619,0.22516857582157568,0.32567116823427616,0.512741793486062,0.9333333333333333,0.45530682854030075
2012-08-01,1630,16066240000000.0,176069.13822540187,2838.1800902318764,0.5743116885394086,-0.5856521739130435,0.22516857582157568,0.32567116823427616,0.5148001692725896,0.9458333333333333,0.4546761737710843
2012-09-01,1745,16066240000000.0,176321.2242239883,2834.122351491897,0.6157108916209714,-0.7131578947368421,0.22516857582157568,0.32567116823427616,0.5251692336190186,0.9791666666666666,0.459647373861821
2012-10-01,1747,16432730000000.0,176565.52205737404,2894.7612753686117,0.603503996984187,-0.7485714285714286,0.22516857582157568,0.32567116823427616,0.525943432114745,0.9666666666666667,0.46103769775124515
2012-11-01,1722,16432730000000.0,176818.31875072073,2890.62264265447,0.5957194047365106,-0.7725,0.22516857582157568,0.3262843761976201,0.5323470381096929,0.9583333333333334,0.4619795057270511
2012-12-01,1685,16432730000000.0,177063.3053220414,2886.6231480730385,0.58372704491226,-0.7575000000000001,0.22516857582157568,0.32679599034911705,0.5370855592491164,0.9333333333333333,0.4613888938786522
2013-01-01,1672,16771381000000.0,177316.81471377818,2941.8995607973407,0.5683402731624322,-0.6085714285714287,0.22516857582157568,0.3270698465969483,0.5396256899090628,0.9166666666666666,0.45556577043099755
2013-02-01,1628,16771381000000.0,177570.68706616096,2937.693534598348,0.5541762545433746,-0.5705263157894737,0.22516857582157568,0.3272601263925601,0.5463886673014444,0.9041666666666667,0.4540900247080052
2013-03-01,1593,16771381000000.0,177800.30353103697,2933.8997120293902,0.5429633444757781,-0.585,0.22516857582157568,0.3275159544592943,0.5463886673014444,0.8916666666666667,0.45465088547979193
2013-04-01,1488,16738320000000.0,178054.8681158151,2923.9298694396316,0.5089041346553137,-0.6522727272727272,0.22516857582157568,0.3278340038553751,0.5463886673014444,0.8541666666666666,0.45726683552493524
2013-05-01,1414,16738320000000.0,178301.56795978406,2919.8842906439945,0.4842657650958269,-0.35500000000000004,0.22516857582157568,0.3278340038553751,0.5463886673014444,0.8125,0.44581969227157464
2013-06-01,1343,16738320000000.0,178556.8502270894,2915.709739619843,0.4606082634875389,0.2515,0.22516857582157568,0.3278340038553751,0.5463886673014444,0.7875,0.42334609651360494
2013-07-01,1286,16738180000000.0,178804.24558087418,2911.651180904096,0.4416737858003596,0.46,0.22516857582157568,0.3278340038553751,0.5463886673014444,0.7541666666666667,0.4158848386737189
2013-08-01,1352,16738180000000.0,179060.24755403685,2907.4884007356623,0.4650061543350998,0.5527272727272727,0.22516857582157568,0.3278340038553751,0.5463886673014444,0.7875,0.4126089402827424
2013-09-01,1349,16738180000000.0,179316.6160565851,2903.331572083275,0.4646386285917835,0.6639999999999999,0.22516857582157568,0.3278340038553751,0.5463886673014444,0.7833333333333333,0.4087119056354982
2013-10-01,1317,17156119000000.0,179565.06408651164,2971.708062971323,0.4431794685387671,0.42863636363636365,0.22516857582157568,0.3278340038553751,0.5463886673014444,0.75,0.4169987391709427
2013-11-01,1276,17156119000000.0,179822.15535729154,2967.459419633809,0.429997455586928,0.5478947368421053,0.22516857582157568,0.3278340038553751,0.5463886673014444,0.725,0.4127790265156101
2013-12-01,1222,17156119000000.0,180071.3038256162,2963.353612914415,0.41237063125861,0.7385714285714285,0.22516857582157568,0.3278340038553751,0.5463886673014444,0.7,0.40612085780513724
2014-01-01,1244,17601227000000.0,180329.11990229593,3035.889907345265,0.4097645296656413,0.6319047619047619,0.22516857582157568,0.3278340038553751,0.5463886673014444,0.6916666666666667,0.4098321643860932
2014-02-01,1300,17601227000000.0,180587.3051056937,3031.549503390721,0.4288236093608166,0.5521052631578948,0.22516857582157568,0.3278340038553751,0.5463886673014444,0.7208333333333333,0.41263082863969985
2014-03-01,1336,17601227000000.0,180820.8223561191,3027.634472503592,0.4412685917449088,0.5557142857142857,0.22516857582157568,0.3278340038553751,0.5463886673014444,0.7375,0.41250384423783465
2014-04-01,1298,17632606000000.0,181079.71155174015,3028.6957407300924,0.4285673144860388,0.5428571428571429,0.22516857582157568,0.3278340038553751,0.5463886673014444,0.7083333333333334,0.4129564046254717
2014-05-01,1289,17632606000000.0,181330.60239824431,3024.5052068205073,0.4261854127720459,0.3680952380952381,0.22516857582157568,0.3278340038553751,0.5463886673014444,0.7,0.41915734242100544
2014-06-01,1279,17632606000000.0,181590.2214685741,3020.1810795428814,0.4234845415936393,0.36952380952380953,0.22516857582157568,0.3278340038553751,0.5463886673014444,0.6958333333333333,0.4191062779866077
2014-07-01,1311,17824071000000.0,181841.81964039977,3048.751818395912,0.4300120436466938,0.27954545454545454,0.22516857582157568,0.3278340038553751,0.5463886673014444,0.7208333333333333,0.4223347389825194
2014-08-01,1295,17824071000000.0,182102.17064314135,3044.3930258003797,0.4253721477566257,0.22380952380952382,0.22516857582157568,0.3278340038553751,0.5463886673014444,0.6916666666666667,0.42434702910715205
2014-09-01,1237,17824071000000.0,182362.89440196712,3040.040464959357,0.4069024785222843,0.46095238095238095,0.22516857582157568,0.3278340038553751,0.5463886673014444,0.6541666666666667,0.41585106081651424
2014-10-01,1222,18141444000000.0,182615.56313307665,3089.8898885781828,0.3954833486193597,0.38409090909090904,0.22516857582157568,0.3278340038553751,0.5463886673014444,0.6375,0.41858593050550763
2014-11-01,1175,18141444000000.0,182877.02193871295,3085.472280990029,0.3808169035383394,0.44555555555555554,0.22516857582157568,0.3278340038553751,0.5463886673014444,0.6083333333333333,0.41639747266577054
2014-12-01,1201,18141444000000.0,183130.4030074544,3081.2031904879054,0.3897827977420154,0.5104545454545455,0.22516857582157568,0.3278340038553751,0.5463886673014444,0.6333333333333333,0.4140991518624937
2015-01-01,1251,18152056000000.0,183392.5989321858,3078.5978027725996,0.4063538273409224,0.2745,0.22516857582157568,0.3279249403192334,0.5463886673014444,0.65,0.42251650658868284
2015-02-01,1227,18152056000000.0,183655.17025445812,3074.196339450338,0.3991287037377014,0.26,0.22516857582157568,0.3285958770261057,0.5463886673014444,0.6375,0.42303931935134853
2015-03-01,1179,18152056000000.0,183892.65455801497,3070.226233203158,0.3840107895794873,0.2809090909090909,0.22516857582157568,0.3285958770261057,0.5463886673014444,0.6083333333333333,0.4222856260270074
2015-04-01,1199,18151998000000.0,184155.94183211768,3065.82694263772,0.3910853490537944,0.07681818181818183,0.22516857582157568,0.3285958770261057,0.5463886673014444,0.625,0.42970011063515384
2015-05-01,1199,18151998000000.0,184411.09487902225,3061.585033623464,0.3916272084009219,0.33199999999999996,0.22516857582157568,0.3287360704830307,0.5463886673014444,0.625,0.4204496370991174
2015-06-01,1182,18151998000000.0,184675.1244271393,3057.207893413288,0.3866272890851167,0.4977272727272728,0.22516857582157568,0.3287360704830307,0.5463886673014444,0.6041666666666666,0.4145488709844749
2015-07-01,1128,18150618000000.0,184930.9968155959,3052.74580810662,0.3695034145995962,0.5036363636363637,0.22516857582157568,0.32875830741754275,0.5463886673014444,0.5541666666666667,0.41434001211397314
2015-08-01,1118,18150618000000.0,185195.7707303871,3048.381305314321,0.366752019522939,0.5557142857142857,0.22516857582157568,0.33048309427001676,0.5463886673014444,0.5416666666666666,0.41250384423783465
2015-09-01,1125,18150618000000.0,185460.92373374195,3044.0230424403835,0.369576703039045,0.65,0.22516857582157568,0.3318411413574544,0.5463886673014444,0.5541666666666667,0.4092001874628901
2015-10-01,1159,18922179000000.0,185717.8848684282,3169.030033777371,0.3657270482282281,0.5714285714285714,0.22516857582157568,0.3324880157313845,0.5463886673014444,0.5333333333333333,0.4119513883498455
2015-11-01,1086,18922179000000.0,185983.78540576424,3164.499279728156,0.3431822553909041,0.6926315789473684,0.22516857582157568,0.33328329072344015,0.5463886673014444,0.5166666666666667,0.4077151277199926
2015-12-01,1076,18922179000000.0,186241.47097946343,3160.120846675201,0.3404933077581738,0.7277272727272728,0.22516857582157568,0.3350343718764501,0.5463886673014444,0.5125,0.4064966241048744
2016-01-01,1098,19264939000000.0,186508.12115826973,3212.7640283649566,0.3417617946123467,0.6652631578947369,0.22516857582157568,0.33719406471262714,0.5463886673014444,0.5125,0.40866787879902666
2016-02-01,1200,19264939000000.0,186775.1531119701,3208.170747936707,0.37404492911475,0.472,0.22516857582157568,0.33719406471262714,0.5463886673014444,0.5625,0.4154594381039971
2016-03-01,1245,19264939000000.0,187025.3033053546,3203.87975351604,0.3885913629042092,0.3372727272727273,0.22516857582157568,0.33925410375960735,0.5463886673014444,0.6083333333333333,0.42026061281968863
2016-04-01,1242,19381591000000.0,187293.07573168588,3218.671395470969,0.385873501018971,0.19047619047619047,0.22516857582157568,0.34112696157432,0.5463886673014444,0.5958333333333333,0.4255550746429312
2016-05-01,1261,19381591000000.0,187552.5753626054,3214.2180093334496,0.3923193748334141,0.2119047619047619,0.22516857582157568,0.3424712885505996,0.5463886673014444,0.625,0.4247780797604575
2016-06-01,1276,19381591000000.0,187821.1027077397,3209.622650152367,0.397554522473047,0.1740909090909091,0.22516857582157568,0.3447675373397272,0.5463886673014444,0.6333333333333333,0.42615015977171716
2016-07-01,1337,19573445000000.0,188081.33393434077,3236.909155865795,0.413048354346659,0.0385,0.22516857582157568,0.35318882326635015,0.5463886673014444,0.6791666666666667,0.4311066312920408
2016-08-01,1340,19573445000000.0,188350.61832658685,3232.2813552111584,0.4145678710300454,0.0882608695652174,0.22516857582157568,0.360634230737836,0.5463886673014444,0.6791666666666667,0.42928098177666335
2016-09-01,1327,19573445000000.0,188620.2882652473,3227.6601709111565,0.4111337407696774,0.11571428571428573,0.22516857582157568,0.3634146997470917,0.5463886673014444,0.6541666666666667,0.42827706971657786
2016-10-01,1267,19976827000000.0,188881.62678509133,3289.6199863461707,0.3851508700879689,0.0975,0.22516857582157568,0.36623917531015987,0.5463886673014444,0.5708333333333333,0.4289428643141483
2016-11-01,1238,19976827000000.0,189152.05699212628,3284.9168251534225,0.3768740780650295,0.32,0.22516857582157568,0.3670626056852404,0.5463886673014444,0.5291666666666667,0.4208801472735343
2016-12-01,1157,19976827000000.0,189414.13229194912,3280.371781172658,0.3527039241833738,0.5561904761904761,0.22516857582157568,0.3670626056852404,0.5463886673014444,0.4791666666666667,0.41248709227000624
2017-01-01,1192,19846420000000.0,189685.32491074913,3254.2984741764494,0.3662847797947157,0.421,0.22516857582157568,0.3670626056852404,0.5463886673014444,0.49166666666666664,0.4172704010576329
2017-02-01,1234,19846420000000.0,189956.90580805615,3249.6458120583648,0.3797336914137019,0.39999999999999997,0.22516857582157568,0.3682679964328634,0.5463886673014444,0.5333333333333333,0.4180183841428212
2017-03-01,1231,19846420000000.0,190202.53887909433,3245.449125277492,0.3793003533508624,0.4856521739130435,0.22516857582157568,0.369334026561281,0.5463886673014444,0.5291666666666667,0.4149759969886591
2017-04-01,1267,19844554000000.0,190474.86029459216,3240.504407712574,0.3909885130797761,0.3910526315789474,0.22516857582157568,0.36954005700246906,0.5463886673014444,0.5958333333333333,0.41833748087294076
2017-05-01,1246,19844554000000.0,190738.76837423036,3236.0208131995773,0.3850407867951975,0.4668181818181818,0.22516857582157568,0.37064482341259486,0.5463886673014444,0.5625,0.4156430803981461
2017-06-01,1260,19844554000000.0,191011.85753329252,3231.3942826061543,0.3899245619088601,0.4581818181818182,0.22516857582157568,0.37256529653785236,0.5463886673014444,0.5916666666666667,0.41594933129271405
2017-07-01,1237,20244900000000.0,191276.50963715435,3292.0235634181186,0.3757567271832097,0.546,0.22516857582157568,0.3737305837837619,0.5463886673014444,0.5041666666666667,0.41284573292354726
2017-08-01,1283,20244900000000.0,191550.36870424583,3287.3169658374427,0.3902878892827288,0.43347826086956526,0.22516857582157568,0.37489985113845287,0.5463886673014444,0.5916666666666667,0.4168265814169171
2017-09-01,1314,20244900000000.0,191824.61986751677,3282.617097267163,0.4002903662123517,0.368,0.22516857582157568,0.37631498792089707,0.5463886673014444,0.6291666666666667,0.41916074693784156
2017-10-01,1280,20492747000000.0,192090.3980756135,3318.2068788774704,0.385750511261979,0.49809523809523815,0.22516857582157568,0.3774155453218575,0.5463886673014444,0.5541666666666667,0.4145358620474432
2017-11-01,1282,20492747000000.0,192365.42242290016,3313.462847078351,0.386906405523878,0.4957142857142857,0.22516857582157568,0.3786284768699092,0.5463886673014444,0.5625,0.41462004474821534
2017-12-01,1264,20492747000000.0,192631.94992758983,3308.8783065343464,0.3820025648884889,0.503,0.22516857582157568,0.3795169605333133,0.5463886673014444,0.5166666666666667,0.4143624995508675
2018-01-01,1331,21089643000000.0,192907.7496386953,3400.3881252012197,0.391425905218169,0.54,0.22516857582157568,0.3802096616396673,0.5463886673014444,0.5958333333333333,0.4130570410081628
2018-02-01,1331,21089643000000.0,193183.9442244863,3395.5265990866205,0.3919863270569084,0.7573684210526316,0.22516857582157568,0.3807143644759745,0.5463886673014444,0.6,0.4054703364639078
2018-03-01,1325,21089643000000.0,193433.75017543748,3391.141517629555,0.390723888434532,0.7519047619047619,0.22516857582157568,0.3807797012368427,0.5463886673014444,0.5791666666666667,0.4056593138400956
2018-04-01,1335,21195070000000.0,193710.6978595392,3403.2212710013696,0.3922754042987006,0.7414285714285714,0.22516857582157568,0.3814092734904828,0.5463886673014444,0.6,0.4060219113401038
2018-05-01,1303,21195070000000.0,193979.089279795,3398.5125397986394,0.3834030284546786,0.8359090909090909,0.22516857582157568,0.38219436933700646,0.5463886673014444,0.5041666666666667,0.40276347555741077
2018-06-01,1282,21195070000000.0,194256.8177500928,3393.6536952036436,0.3777639426827465,0.7947619047619048,0.22516857582157568,0.38219436933700646,0.5463886673014444,0.4666666666666667,0.40417932931233885
2018-07-01,1238,21516058000000.0,194525.96583425347,3440.2821613421747,0.359854204376368,0.7747619047619048,0.22516857582157568,0.38219436933700646,0.5463886673014444,0.4041666666666667,0.40486931562065553
2018-08-01,1202,21516058000000.0,194804.47729198297,3435.363598827207,0.3498901835049858,0.79,0.22516857582157568,0.38219436933700646,0.5463886673014444,0.3958333333333333,0.4043435050350754
2018-09-01,1198,21516058000000.0,195083.3875069259,3430.452068368356,0.3492251097301619,0.8810526315789474,0.22516857582157568,0.38219436933700646,0.5463886673014444,0.39166666666666666,0.4012158143700448
2018-10-01,1215,21974096000000.0,195353.68082587965,3498.6327443670725,0.347278519574881,1.040909090909091,0.22516857582157568,0.38219436933700646,0.5463886673014444,0.3875,0.39578309666568107
2018-11-01,1221,21974096000000.0,195633.377359894,3493.630758174356,0.3494931446728074,1.113,0.22516857582157568,0.38219436933700646,0.5463886673014444,0.39166666666666666,0.39335721667787743
2018-12-01,1250,21974096000000.0,195904.4327046904,3488.796935495236,0.3582896978847988,1.016315789473684,0.22516857582157568,0.38219436933700646,0.5463886673014444,0.4,0.3966140861809742
2019-01-01,1292,22027880000000.0,196184.91777461025,3492.3360145950264,0.3699529468529164,0.92,0.22516857582157568,0.38219436933700646,0.5463886673014444,0.44166666666666665,0.3998853567848174
2019-02-01,1320,22027880000000.0,196465.80442745177,3487.343030820592,0.3785116601189061,0.7994736842105263,0.22516857582157568,0.38219436933700646,0.5463886673014444,0.4708333333333333,0.40401694736668126
2019-03-01,1301,22027880000000.0,196719.8541483093,3482.83937496262,0.3735457940876079,0.6580952380952381,0.22516857582157568,0.38219436933700646,0.5463886673014444,0.44583333333333336,0.4089177765426167
2019-04-01,1286,22023283000000.0,197001.5066932958,3477.1341736404934,0.3698448020064703,0.5957142857142858,0.22516857582157568,0.38219436933700646,0.5463886673014444,0.42916666666666664,0.4110990478531703
2019-05-01,1284,22023283000000.0,197274.4576183515,3472.3231758017664,0.3697812487466757,0.5686363636363636,0.22631023196582753,0.38219436933700646,0.5463886673014444,0.425,0.4120494979169023
2019-06-01,1359,22023283000000.0,197556.90421373764,3467.358804331233,0.3919409777558678,0.374,0.2273502302360314,0.38289431177857125,0.5463886673014444,0.5916666666666667,0.4189463163730816
2019-07-01,1413,22719402000000.0,197830.6246571058,3572.007082079216,0.3955759234322436,0.3063636363636364,0.2292777686371277,0.3834858494625758,0.5463886673014444,0.6083333333333333,0.42136989848159495
2019-08-01,1500,22719402000000.0,198113.8675415222,3566.900192785503,0.4205332134142513,0.04,0.22948738799908278,0.38369353371939546,0.5463886673014444,0.6791666666666667,0.4310514852779684
2019-09-01,1511,22719402000000.0,198397.5159573457,3561.8006047982144,0.4242236350806623,0.1125,0.23140037055802276,0.3839145925971982,0.5463886673014444,0.6875,0.42839448774157407
2019-10-01,1495,23201380000000.0,198672.40109106,3632.329301356053,0.4115816259946127,0.1459090909090909,0.23140037055802276,0.3840643213954183,0.5463886673014444,0.65,0.427175621873246
2019-11-01,1471,23201380000000.0,198956.84918415223,3627.1361695413366,0.4055541152142664,0.17157894736842105,0.23168809072191834,0.38457904687582983,0.5463886673014444,0.6166666666666667,0.4262414634210844
2019-12-01,1479,23201380000000.0,199232.50928920685,3622.117627431366,0.4083246741627319,0.14476190476190476,0.23240710024070604,0.3850958245080391,0.5463886673014444,0.6291666666666667,0.4272174171824809
2020-01-01,1561,23223813000000.0,199517.75931406225,3620.436249041624,0.4311635097602442,0.03666666666666667,0.2336106286072141,0.38545057406810285,0.5463886673014444,0.7208333333333333,0.43117404155690825
2020-02-01,1597,23223813000000.0,199803.41774403668,3615.260120693066,0.4417386153928659,-0.11157894736842106,0.2336106286072141,0.3858120012396165,0.5463886673014444,0.7416666666666667,0.43665995149544046
2020-03-01,1592,23223813000000.0,200071.01684785105,3610.424635855754,0.4409453625453282,-0.11681818181818181,0.23505566370621342,0.3862502111698423,0.5463886673014444,0.7291666666666666,0.43685510401749766
2020-04-01,1683,26477241000000.0,200357.4674011884,4110.324716367605,0.4094567013886213,-0.4457142857142857,0.2371247176994843,0.3867668221258951,0.5463886673014444,0.6208333333333333,0.4492821294938548
2020-05-01,1716,26477241000000.0,200635.0681007309,4104.63762972113,0.4180637013057314,-0.4415,0.23778031934553762,0.38731441982165693,0.5463886673014444,0.6583333333333333,0.4491206821064802
2020-06-01,1732,26477241000000.0,200922.3262312778,4098.76923990999,0.4225658724905516,-0.5445454545454546,0.2380196402844155,0.38815687074128824,0.5463886673014444,0.6666666666666666,0.4530849915396086
2020-07-01,1847,26945391000000.0,201200.7095580336,4165.469122144899,0.4434074400361742,-0.8327272727272728,0.23906460538184884,0.38914351597516983,0.5463886673014444,0.75,0.4643585234861076
2020-08-01,1969,26945391000000.0,201488.77754255632,4159.513761706255,0.4733726374768155,-1.0114285714285716,0.2399184483112973,0.3897396232826635,0.5463886673014444,0.7916666666666666,0.4714896914689058
2020-09-01,1922,26945391000000.0,201777.25796679605,4153.566915631037,0.4627348105954367,-0.9766666666666668,0.24366794063548167,0.38985367338164867,0.5463886673014444,0.775,0.4700939720853941
2020-10-01,1900,27747798000000.0,202056.82582463475,4271.33796138608,0.4448254896185822,-0.9166666666666666,0.2451797330580238,0.3901061832974475,0.5463886673014444,0.7458333333333333,0.46769463535226985
2020-11-01,1866,27747798000000.0,202346.1195488081,4265.23124054158,0.4374909341991652,-0.8421052631578947,0.24887092142930117,0.39050582800958794,0.5463886673014444,0.7,0.4647300611396109
2020-12-01,1858,27747798000000.0,202626.47557978137,4259.32982366918,0.4362188599894418,-0.9822727272727273,0.24981660341978976,0.3908561783620236,0.5463886673014444,0.6958333333333333,0.47031878033167135
2021-01-01,1867,28132570000000.0,202916.5848967884,4312.218924395067,0.4329557549682868,-1.0005263157894737,0.2511686447044979,0.3910369280692404,0.5463886673014444,0.6916666666666667,0.4710515113972486
2021-02-01,1808,28132570000000.0,203207.10957617871,4306.053756143408,0.4198739965613627,-0.9221052631578948,0.25454100175991057,0.39125559008267863,0.5463886673014444,0.625,0.46791161344724574
2021-03-01,1718,28132570000000.0,203469.8764714893,4300.492793527396,0.3994891010131989,-0.6643478260869565,0.2578013393347686,0.39152654387205393,0.5463886673014444,0.5416666666666666,0.4577379755278978
2021-04-01,1760,28529436000000.0,203761.19332298049,4354.9246812206175,0.4041401697690669,-0.7145454545454546,0.2584531038943872,0.39178406166721275,0.5463886673014444,0.55,0.4597017700083518
2021-05-01,1850,28529436000000.0,204043.50997700763,4348.899163600962,0.4253950092667057,-0.8470000000000001,0.25882258948953724,0.39196365175053677,0.5463886673014444,0.65,0.4649240991023324
2021-06-01,1835,28529436000000.0,204335.64812504468,4342.681553706106,0.4225499791560781,-0.8236363636363637,0.25990040667360875,0.3921308390394862,0.5463886673014444,0.6291666666666667,0.4639986429695923
2021-07-01,1808,28428919000000.0,204618.76070176432,4321.393691713108,0.4183835422047057,-1.0090476190476192,0.26373929119664763,0.3922973889500044,0.5463886673014444,0.6125,0.47139396219552204
2021-08-01,1785,28428919000000.0,204911.72246179183,4315.2154063203225,0.4136525832257602,-1.0654545454545454,0.26564716833774127,0.39389818492520673,0.5463886673014444,0.6,0.4736671086637825
2021-09-01,1775,28428919000000.0,205205.1036681718,4309.045954006199,0.4119241286693055,-0.9695238095238095,0.2661044556953719,0.39552963331737756,0.5463886673014444,0.5791666666666667,0.4698076925409861
2021-10-01,1777,29617215000000.0,205489.42089910337,4482.947855435052,0.3963909590975042,-0.9525,0.26639218864514325,0.39586715240613235,0.5463886673014444,0.5041666666666667,0.46912609566599467
2021-11-01,1822,29617215000000.0,205783.6292219725,4476.538596471917,0.4070108993220718,-1.0565,0.26785149371231787,0.3962747604110135,0.5463886673014444,0.5458333333333333,0.4733055182589672
2021-12-01,1790,29617215000000.0,206068.74801573335,4470.344812615121,0.4004165394465091,-0.9931818181818183,0.26845175352644784,0.3969723144712253,0.5463886673014444,0.5208333333333334,0.47075655322584603
2022-01-01,1816,30400960000000.0,206363.7857869441,4582.080860404911,0.3963264846966326,-0.6855,0.26878184641094627,0.3969723144712253,0.5463886673014444,0.49166666666666664,0.45856445043995203
2022-02-01,1856,30400960000000.0,206659.24597682463,4575.529871240771,0.4056360798048289,-0.5236842105263158,0.26966045600855915,0.3983408354910756,0.5463886673014444,0.5291666666666667,0.4522796139358292
2022-03-01,1948,30400960000000.0,206926.47682601007,4569.6208993599375,0.4262935685261887,-0.7186956521739131,0.2711881221385377,0.39930886171576224,0.5463886673014444,0.6541666666666667,0.6265763106911242
2022-04-01,1937,30568582000000.0,207222.74264562177,4588.247255003824,0.4221655661402201,-0.1365,0.2715752017297501,0.3998599251617483,0.5463886673014444,0.6208333333333333,0.596225399520189
2022-05-01,1849,30568582000000.0,207509.85537002215,4581.8989099227765,0.4035444771589609,0.20952380952380953,0.27185494372588304,0.4002607287721598,0.5463886673014444,0.5083333333333333,0.5788877546447442
2022-06-01,1837,30568582000000.0,207806.95643858385,4575.34818089277,0.4014994984800377,0.5257142857142857,0.27211237834682905,0.4003534478589209,0.5463886673014444,0.5041666666666667,0.5634861248175222
2022-07-01,1733,30928912000000.0,208094.878607023,4622.875403479916,0.3748749098224596,0.534,0.27220477985939284,0.4003534478589209,0.5463886673014444,0.29583333333333334,0.5630880857607706
2022-08-01,1765,30928912000000.0,208392.8172793145,4616.266090462971,0.382343644281343,0.3895652173913044,0.2724749298070421,0.4003534478589209,0.5463886673014444,0.3416666666666667,0.5700670604620556
2022-09-01,1681,30928912000000.0,208691.18252362468,4609.666226763768,0.3646684851584476,1.1366666666666667,0.2737150706400579,0.4003534478589209,0.5463886673014444,0.22916666666666666,0.5348778704120829
2022-10-01,1664,31419689000000.0,208980.32981126185,4676.332781193935,0.3558343851600648,1.59,0.2742320543799226,0.4003534478589209,0.5463886673014444,0.20833333333333334,0.5145931072011138
2022-11-01,1725,31419689000000.0,209279.53622333595,4669.64704030223,0.3694069348522654,1.52,0.2757390839390321,0.4003534478589209,0.5463886673014444,0.25,0.5176743429727021
2022-12-01,1798,31419689000000.0,209569.4986909649,4663.186069658985,0.38557329112357,1.3566666666666667,0.2775768020956064,0.4003534478589209,0.5463886673014444,0.375,0.5249358324083045
2023-01-01,1898,31458438000000.0,209869.54864226948,4662.261875877499,0.4070985394064274,1.2945,0.2785035733628902,0.40095765333871064,0.5463886673014444,0.5375,0.5277263291783791
2023-02-01,1855,31458438000000.0,210170.02818840463,4655.596252122759,0.3984452043396582,1.4131578947368422,0.2787463531217996,0.40095765333871064,0.5463886673014444,0.475,0.5224128894546581
2023-03-01,1913,31458438000000.0,210441.79882630007,4649.58388019722,0.4114346679812682,1.3608695652173914,0.2801789744906755,0.4025206891499017,0.5463886673014444,0.5625,0.5247477088269675
2023-04-01,2000,32332274000000.0,210743.0976884184,4771.905435098962,0.4191197891914057,1.1935,0.28396368720570053,0.4038422136285307,0.5463886673014444,0.6041666666666666,0.5322916137395528
2023-05-01,1992,32332274000000.0,211035.08796011063,4765.302978711482,0.4180216890508457,1.36,0.2844612846509618,0.4048465252083033,0.5463886673014444,0.5916666666666667,0.5247866254150684
2023-06-01,1943,32332274000000.0,211337.23626061017,4758.490037358321,0.4083228050801295,1.5476190476190477,0.28682945548937094,0.40559509543907324,0.5463886673014444,0.525,0.5164564197729961
2023-07-01,1951,33167334000000.0,211630.0497273917,4874.635733011852,0.4002350343406176,1.6030000000000002,0.2892179462035653,0.40559509543907324,0.5463886673014444,0.4708333333333333,0.5140229002147466
2023-08-01,1919,33167334000000.0,211933.04986105583,4867.66647890243,0.3942340767013066,1.8326086956521739,0.28957870993061224,0.40559509543907324,0.5463886673014444,0.425,0.5040552788766106
2023-09-01,1916,33167334000000.0,212236.48381345763,4860.707188717594,0.3941813249823634,2.037,0.29014022443091736,0.40559509543907324,0.5463886673014444,0.42083333333333334,0.4953451039321821
2023-10-01,1916,34001494000000.0,212530.54321208777,4976.059736068282,0.3850436091255373,2.4119047619047618,0.2944671273067085,0.40559509543907324,0.5463886673014444,0.32916666666666666,0.47975782278879014
2023-11-01,1984,34001494000000.0,212834.83262223503,4968.945476323809,0.3992798893554833,2.198571428571429,0.31363809237820567,0.40559509543907324,0.5463886673014444,0.4583333333333333,0.4885663532867086
2023-12-01,2026,34001494000000.0,213129.7210493513,4962.070393352156,0.4082973112824632,1.8355000000000001,0.3311153483365691,0.40573581503001027,0.5463886673014444,0.5208333333333334,0.503931003703498
2024-01-01,2034,34586533000000.0,213434.86832899775,5040.232807930914,0.4035527876409712,1.7919047619047621,0.3360183843553758,0.40573581503001027,0.5463886673014444,0.48333333333333334,0.5058080875455979
2024-02-01,2023,34586533000000.0,213740.45250154604,5033.026800111448,0.4019450085096316,1.925,0.3378541792986323,0.40573581503001027,0.5463886673014444,0.475,0.5000991964900051
2024-03-01,2158,34586533000000.0,214026.7176424735,5026.2950231534305,0.429342087971211,1.8969999999999998,0.3402451053681746,0.406094618385817,0.5463886673014444,0.6708333333333333,0.5012948319036077
2024-04-01,2331,34831634000000.0,214333.14919194824,5054.677370497229,0.4611570292508499,2.145,0.3416347335617128,0.40662806039676813,0.5463886673014444,0.7708333333333334,0.4908036068008446
2024-05-01,2351,34831634000000.0,214630.11357726704,5047.683668013937,0.4657581882354813,2.148181818181818,0.3430399440439994,0.40695668531151435,0.5463886673014444,0.7875,0.4906704417911429
2024-06-01,2326,34831634000000.0,214937.40903547837,5040.4670077190685,0.4614651770238588,2.05,0.34604103382724305,0.4070547170056034,0.5463886673014444,0.7666666666666667,0.4947962251482023
2024-07-01,2398,35464674000000.0,215235.2106391821,5124.9730962996955,0.4679048952923071,1.9740909090909091,0.34718657237234907,0.4076974847440958,0.5463886673014444,0.7875,0.4980098312185988
2024-08-01,2470,35464674000000.0,215543.3724417093,5117.645935508955,0.4826437841003856,1.760909090909091,0.34902996071838943,0.4083100579823257,0.5463886673014444,0.8083333333333333,0.507146922041984
2024-09-01,2571,35464674000000.0,215851.97545316443,5110.3292503410585,0.5030986995267309,1.616,0.3494663319237289,0.4083237396203612,0.5463886673014444,0.8458333333333333,0.5134533250596317
2024-10-01,2690,36218605000000.0,216151.04421341905,5211.746921446002,0.5161417161164952,1.8095454545454546,0.34985045933284525,0.40836154787630047,0.5463886673014444,0.8666666666666667,0.5050476900170298
2024-11-01,2651,36218605000000.0,216460.51725551623,5204.295700341708,0.5093868897237984,2.034736842105263,0.352421534868303,0.4089272208106811,0.5463886673014444,0.85,0.49544071993518524
2024-12-01,2648,36218605000000.0,216760.42916692572,5197.09498443139,0.5095154135016672,2.0880952380952382,0.3555200927993596,0.4096105866099573,0.5463886673014444,0.85,0.49319128916490723
2025-01-01,2710,36214309520796.45,217070.77469250344,5189.049223713408,0.5222536698275256,2.2285714285714286,0.35804340614243857,0.4104485642759182,0.5463886673014444,0.8666666666666667,0.4873179488666341
2025-02-01,2895,36214309520796.45,217381.5645535423,5181.630453448903,0.5587044514286199,2.026842105263158,0.35969744679771637,0.4112717083555385,0.5514282006362969,0.9041666666666667,0.49577440864390043
2025-03-01,2983,36214309520796.45,217662.66042137207,5174.93874571058,0.5764319437544181,1.946190476190476,0.36012233125996174,0.4114221949217352,0.5546274177938567,0.9291666666666667,0.49919623246771516
2025-04-01,3218,36211469000000.0,217974.2977114749,5167.134825809807,0.6227822784739638,2.038095238095238,0.3610203715497236,0.41150814042772466,0.5589160997879333,0.9791666666666666,0.4952988379190564
2025-05-01,3309,36211469000000.0,218276.3070067203,5159.985526059501,0.6412808685777392,2.1104761904761906,0.36431176763567336,0.4117528417195524,0.5612327484067099,0.9875,0.49225081797841813
2025-06-01,3353,36211469000000.0,218588.8228818711,5152.608308088419,0.6507383832643664,2.0865,0.3656210537918999,0.41214731949876177,0.5652610635624505,0.9875,0.493258391308781
2025-07-01,3340,37637552595557.63,218891.68361838988,5348.118866239335,0.6245186547898486,2.0081818181818183,0.36622896838527236,0.4124019724330236,0.5684350809877119,0.9708333333333333,0.49656402109393993
2025-08-01,3368,37637552595557.63,219205.0805555441,5340.4726745180105,0.6306557874680951,1.8828571428571428,0.36670526874176435,0.41247751926238546,0.5695083524890943,0.975,0.5018998359297918
2025-09-01,3668,37637552595557.63,219518.92619700075,5332.837414537231,0.6878139562254588,1.749047619047619,0.36731126398006486,0.4127849568265653,0.5717677251951476,0.9958333333333333,0.5076602063683376
2025-10-01,4058,38514009000000.0,219823.0756168628,5449.471493727446,0.7446593682838631,1.7568181818181818,0.36898519771714144,0.413350358379722,0.5745233626403067,0.9958333333333333,0.5073238902805748
2025-11-01,4087,38514009000000.0,220137.80606927344,5441.680398416539,0.751054766316167,1.8277777777777777,0.36938270583448285,0.4141099742507805,0.5771573322876816,0.9958333333333333,0.5042629916635093
2025-12-01,4309,38514009000000.0,220442.8129639663,5434.151234648775,0.7929481190227682,1.8990909090909092,0.36949376549105856,0.4162911981704547,0.5838185540671876,0.9958333333333333,0.5012054487650247
2026-01-01,4753,39065421000000.0,220758.4307218388,5504.072531214503,0.8635423993860823,1.907,0.36956937354101627,0.4180426946505226,0.5847224519700811,0.9958333333333333,0.50086749146376
2026-02-01,5020,39065421000000.0,221074.5003636613,5496.203372941412,0.9133577597790816,1.8247368421052632,0.36976078908259746,0.41822359118000735,0.5860044097064292,0.9958333333333333,0.5043937852923505
2026-03-01,4856,39065421000000.0,221360.37156282383,5489.105416618106,0.8846614578212695,1.9090909090909092,0.3698384461889994,0.41875150388982463,0.5911651503241442,0.9916666666666667,0.5007781845219126
2026-04-01,4721,39065421000000.0,221677.30303006055,5481.257656790073,0.8612986828217642,1.9368181818181818,0.36994213094542516,0.41949672337904065,0.5919103063808673,0.9833333333333333,0.49959540140826486
2026-05-01,4587,39065421000000.0,221984.4429395036,5473.673733529293,0.8380112193940381,2.039,0.36994213094542516,0.4202034757150804,0.5942308730711472,0.9791666666666666,0.4952606214284694
2026-06-01,4228,39065421000000.0,222302.26791742464,5465.84803633869,0.773530469908954,2.179047619047619,0.37153934494201685,0.4209818603314712,0.5964450900616203,0.9708333333333333,0.4893805243704307
2026-07-01,4073,39065421000000.0,222610.2737326518,5458.285433983858,0.7462050215697908,2.3531818181818185,0.37153934494201685,0.4217981161014942,0.6030649329072018,0.9625,0.4821665286944193
2026-08-01,4411,39065421000000.0,222928.99474029185,5450.4817374053455,0.8092862635844402,2.3971428571428572,0.37153934494201685,0.4223577289134933,0.603517263057321,0.975,0.48036219406221126
